id,name,wikimedia_count,inaturalist_count,gbif_count,total,status
accolade,"アーコレード",0,3,0,3,complete
aizu-usuzumi,"会津薄墨",0,3,0,3,complete
akashinju,"赤真珠",0,3,0,3,complete
akatsuki-naden,"暁南殿",0,3,0,3,complete
akabana-mazakura,"赤花真桜",0,3,0,3,complete
akami-ohshima,"赤実大島",1,2,0,3,complete
agishi-kogiku-zakura,"阿岸小菊桜",0,3,0,3,complete
asahiyama,"旭山",0,3,0,3,complete
azumanishiki,"東錦",0,3,0,3,complete
atamizakura,"熱海桜",0,3,0,3,complete
akkeshi-taizanfukun,"厚岸泰山府君",0,3,0,3,complete
amagiyoshino,"天城吉野",0,3,0,3,complete
amanogawa,"天の川",2,0,0,2,complete
amayadori,"雨宿",0,3,0,3,complete
america,"アメリカ",0,3,0,3,complete
arakawanioi,"荒川匂",1,2,0,3,complete
arashiyama,"嵐山",0,3,0,3,complete
aratama,"新珠",0,3,0,3,complete
ariake,"有明",0,3,0,3,complete
izu-saifukuji-shidare,"伊豆最福寺枝垂",0,3,0,3,complete
izutaga-aka,"伊豆多賀赤",0,3,0,3,complete
izutaga-shiro,"伊豆多賀白",0,3,0,3,complete
izu-yoshino,"伊豆吉野",2,1,0,3,complete
ichiharatoranoo,"市原虎の尾",0,3,0,3,complete
ichiyou,"一葉",0,3,0,3,complete
itsukayama,"早晩山",0,3,0,3,complete
ito-zakura,"伊東桜",0,3,0,3,complete
itokukuri,"糸括",0,3,0,3,complete
ivensii,"イベンシー",1,1,0,2,complete
hiranojinja-imose,"妹背（平野神社）",0,3,0,3,complete
iyo-usuzumi,"伊予薄墨",0,2,0,2,complete
ueno-shirayuki-shidare,"上野白雪枝垂",0,0,0,0,no_image
warwick,"ウォーウィック",0,3,0,3,complete
ukon,"鬱金",0,0,0,0,no_image
ujo-shidare,"雨情枝垂",1,0,0,1,complete
ushugasane-ohshima,"薄重大島",0,2,0,2,complete
usuge-ohshima,"薄毛大島",0,1,0,1,complete
usuzumi,"薄墨",0,0,0,0,no_image
usubeni-miyama,"薄紅深山桜",0,0,0,0,no_image
uzuzakura,"渦桜",0,3,0,3,complete
umineko,"ウミネコ",0,3,0,3,complete
umineko-isyu,"ウミネコ異種",0,0,0,0,no_image
unryu-ohshima,"雲竜大島",1,2,0,3,complete
eigenji,"永源寺",0,3,0,3,complete
ezo-nishiki,"蝦夷錦",0,0,0,0,no_image
edo,"江戸",0,1,0,1,complete
edohigan-ichifusa-beni,"江戸彼岸（市房紅）",0,0,0,0,no_image
edohigan-ozakura,"江戸彼岸（大桜）",0,0,0,0,no_image
edohigan-mukaino,"江戸彼岸（向野）",0,0,0,0,no_image
edohigan-yamataka-jindai-zakura,"江戸彼岸（山高神代桜）",0,0,0,0,no_image
eregansu-miyuki,"エレガンスみゆき",0,3,0,3,complete
entsuji-zakura,"円通寺桜",0,0,0,0,no_image
oushusatozakura,"奥州里桜",0,3,0,3,complete
ouchi-zakura,"大内桜",1,0,0,1,complete
o-kanzakura,"大寒桜",0,2,0,2,complete
okusa-kohigan,"大草小彼岸",0,1,0,1,complete
osawazakura,"大沢桜",0,1,0,1,complete
oshimazakura,"オオシマザクラ",0,2,0,2,complete
ota-zakura,"太田桜",0,3,0,3,complete
ojochin,"大提灯",0,3,0,3,complete
onadeshiko,"大撫子",0,3,0,3,complete
onaden,"大南殿",1,2,0,3,complete
ohara-nagisa,"大原渚",0,2,0,2,complete
oharanagisa-isyu,"大原渚異種",0,0,0,0,no_image
ominezakura,"大峰桜",0,0,0,0,no_image
omurazakura,"大村桜",0,2,0,2,complete
okame,"オカメ",0,1,0,1,complete
okuchoji-zakura,"奥丁字桜",0,3,0,3,complete
oshidorizakura,"鴛鴦桜",0,0,0,0,no_image
oneyama-higan,"小根山彼岸",1,1,0,2,complete
ofusa-zakura,"お房桜",0,1,0,1,complete
ominosato-buraizakura,"麻績の里舞台桜",1,2,0,3,complete
omuro-ariake,"御室有明",1,2,0,3,complete
omoigawa,"思川",1,0,0,1,complete
omoidezakura,"思伊出桜",0,2,0,2,complete
kakegawa-zakura,"掛川桜",0,3,0,3,complete
kasumizakura,"カスミザクラ",0,0,0,0,no_image
kataoka-zakura,"片丘桜",0,0,0,0,no_image
katsuura-hinazakura,"勝浦雛桜",0,1,0,1,complete
kaba-sakura,"蒲桜",1,0,0,1,complete
kamatari-zakura,"鎌足桜",1,0,0,1,complete
kamiiso-ushiozakura,"上磯海潮桜",0,0,0,0,no_image
kamiokazakura,"神岡桜",0,2,0,2,complete
kamiyama-shidare-zakura,"神山枝垂桜",0,1,0,1,complete
kawaduzakura,"河津桜",0,0,0,0,no_image
kanzaki-ohshima,"寒咲大島",0,3,0,3,complete
kanzashi-zakura,"簪桜",0,2,0,2,complete
kanzan,"関山",0,3,0,3,complete
campanuloides,"カンパニュロイデス",0,0,0,0,no_image
kanhizakura,"カンヒザクラ",0,0,0,0,no_image
kanhizakura-taiwan,"カンヒザクラ（台湾産）",0,2,0,2,complete
ganman-zakura,"含満桜",0,0,0,0,no_image
kikushidare,"菊枝垂",0,2,0,2,complete
kibune-uzu,"貴船雲珠",0,3,0,3,complete
kirin,"麒麟",0,3,0,3,complete
kinki-mamezakura,"近畿豆桜",0,0,0,0,no_image
kinryu-zakura,"金龍桜",0,3,0,3,complete
gioji-gijo-zakura,"祇王寺祇女桜",0,3,0,3,complete
gyoikou,"御衣黄",1,0,0,1,complete
gyosyo,"暁鐘",0,3,0,3,complete
kushima-zakura,"玖島桜",0,3,0,3,complete
kushiro-yae,"釧路八重",0,3,0,3,complete
kumagai,"熊谷",1,0,0,1,complete
kumagaizakura,"熊谷桜",1,0,0,1,complete
kumanozakura,"クマノザクラ",0,0,0,0,no_image
kurama,"クラマ",0,3,0,3,complete
kurama-uzu,"鞍馬雲珠",0,3,0,3,complete
kurama-zakura,"鞍馬桜（肥後吉野）",0,3,0,3,complete
kurusaru,"クルサル",0,0,0,0,no_image
kureha-otome-shidare,"呉羽おとめ枝垂",0,0,0,0,no_image
keio-zakura,"啓翁桜",0,0,0,0,no_image
ketano-shirokikuzakura,"気多の白菊桜",0,3,0,3,complete
kechimyakuzakura,"血脈桜原木",2,0,0,2,complete
kemuriyama-beni-yamazakura,"煙山紅山桜",0,3,0,3,complete
kenrokuen-kikuzakura,"兼六園菊桜",0,3,0,3,complete
kenrokuen-kumagai,"兼六園熊谷",0,3,0,3,complete
geba-zakura-ishu,"下馬桜異種",0,3,0,3,complete
koka,"紅華",0,3,0,3,complete
kofuku,"幸福",0,3,0,3,complete
kokeshimizu,"苔清水",0,3,0,3,complete
kokonoe,"九重",0,3,0,3,complete
koshioyama,"小汐山（小塩山）",0,3,0,3,complete
koshino-kamozakura,"越の加茂桜",0,3,0,3,complete
koshinohigan-kimurakabu,"越の彼岸（木村株）",2,0,0,2,complete
koshinohigan_koshimuragenboku,"越の彼岸（越村原木）",1,0,0,1,complete
koshino-fuyuzakura,"越の冬桜",0,2,0,2,complete
kojonomai,"湖上の舞",0,0,0,0,no_image
kocho,"胡蝶",0,3,0,3,complete
kotohira,"琴平",1,1,0,2,complete
konohana-zakura,"木の花桜",0,0,0,0,no_image
kobanayae-ohshima,"小花八重大島",0,3,0,3,complete
kohigan,"小彼岸",0,1,0,1,complete
kobuku-zakura,"子福桜",0,3,0,3,complete
komatsu-otome,"小松乙女",1,0,0,1,complete
komatsunagi,"駒繋",1,0,0,1,complete
komame-zakura,"小豆桜",0,0,0,0,no_image
collingwood-ingram,"コリングウッド イングラム",0,0,0,0,no_image
conradinae-schmitii-semiplena,"コンラディナエ × スミッティ セミプレナ",0,0,0,0,no_image
conradinae-semiplena,"コンラディナエ セミプレナ",0,0,0,0,no_image
gokurakuji-zakura,"極楽寺桜",0,0,0,0,no_image
gozanomanioi,"御座の間匂",0,3,0,3,complete
gosyozakura,"五所桜",0,3,0,3,complete
goshinzakura,"御信桜",2,1,0,3,complete
gotenba-zakura,"御殿場桜",0,3,0,3,complete
sakigake,"さきがけ",0,0,0,0,no_image
sakuyahime,"咲耶姫",0,0,0,0,no_image
sasaga-oshidori,"笹賀鴛鴦桜",0,2,0,2,complete
sasabe-zakura,"笹部桜",0,3,0,3,complete
satohara,"里原",0,2,0,2,complete
sanozakura,"佐野桜",1,0,0,1,complete
shikizaki-chojizakura,"四季咲丁字桜",0,2,0,2,complete
shikizaki-banshi,"四季咲伴氏",0,2,0,2,complete
shikizakura,"四季桜",0,1,0,1,complete
shizuka,"静香",0,3,0,3,complete
shizuka-zakura,"静桜",0,1,0,1,complete
shizuka-nioi,"静匂",1,0,0,1,complete
shisensho-gabisansan,"四川省峨眉山産",0,0,0,0,no_image
shidarezakura,"枝垂桜",0,0,0,0,no_image
shidarezakura-daisenshiro,"枝垂桜（大仙白）",0,0,0,0,no_image
shidare-higan,"しだれ彼岸",1,2,0,3,complete
shidare-fujizakura,"枝垂富士桜",0,3,0,3,complete
shidare-yamazakura,"枝垂山桜（仙台枝垂）",2,1,0,3,complete
shinamizakura,"シナミザクラ",0,3,0,3,complete
shibayama,"芝山",0,2,0,2,complete
syuzenjikanzakura,"修善寺寒桜",0,2,0,2,complete
schmittii,"シュミッティイ",0,3,0,3,complete
shogetsu,"松月",0,2,0,2,complete
shogetsu-isyu,"松月異種",0,3,0,3,complete
shodo-zakura,"勝道桜",0,0,0,0,no_image
shodo-higan,"勝道彼岸",1,2,0,3,complete
shofukuji-zakura,"正福寺桜",1,0,0,1,complete
showa-zakura,"昭和桜",0,1,0,1,complete
shosai,"ショーサイ",0,0,0,0,no_image
shirayuki,"白雪",0,3,0,3,complete
shirayukihime,"白雪姫",0,3,0,3,complete
shirotae,"白妙",0,3,0,3,complete
shirofugen-karamurauto,"シロフゲン（カラムタウト）",1,2,0,3,complete
shin-sumizome,"新墨染",0,3,0,3,complete
shinranshonin-juzukake-zakura,"親鸞上人数珠掛桜",0,3,0,3,complete
jugatsu-zakura,"十月桜",0,3,0,3,complete
jyonioi,"上匂",0,3,0,3,complete
jindai-akebono,"神代曙",0,0,0,0,no_image
suisho,"水晶",0,3,0,3,complete
sumaura-fugenzo,"須磨浦普賢象",0,3,0,3,complete
sumizome-nioi,"墨染匂",0,3,0,3,complete
surugadai-nioi,"駿河台匂",0,3,0,3,complete
sunpu-zakura,"駿府桜",0,3,0,3,complete
zuisenji-fuyuzakura,"瑞泉寺冬桜",1,2,0,3,complete
seimei-sakura,"清明さくら",0,3,0,3,complete
sendaiya,"仙台屋",0,3,0,3,complete
sendaiyoshino,"仙台吉野",0,3,0,3,complete
sennenji-hizakura,"専念寺緋桜",0,3,0,3,complete
senriko,"千里香",0,3,0,3,complete
zenshoji-kikuzakura,"善正寺菊桜",2,1,0,3,complete
sotoorihime,"衣通姫",0,3,0,3,complete
sonosato-kizakura,"園里黄桜",0,3,0,3,complete
sonosato-ryokuryu,"園里緑龍",3,0,0,3,complete
somei-beni,"染井紅",0,3,0,3,complete
someiyoshino,"染井吉野",2,1,0,3,complete
taizanfukun,"泰山府君",0,0,0,0,no_image
taihaku,"太白",1,2,0,3,complete
taiheizakura,"太平桜",0,3,0,3,complete
tairyo-zakura,"大漁桜",0,0,0,0,no_image
taoyame,"手弱女",0,3,0,3,complete
takaoka-koshino-higan,"高岡越の彼岸",1,0,0,1,complete
takasago,"高砂",0,0,0,0,no_image
takato-kohigan,"高遠小彼岸桜",0,3,0,3,complete
takamatsu-chigo,"高松稚児",0,3,0,3,complete
taguiarashi,"類嵐",0,3,0,3,complete
tatsugo-satozakura,"たつご里桜",0,3,0,3,complete
cheju-zakura,"済州桜",0,3,0,3,complete
chichibuzakura,"秩父桜",0,0,0,0,no_image
chiharazakura,"千原桜",0,3,0,3,complete
chosyuhizakura,"長州緋桜",0,3,0,3,complete
tyoujizakura,"チョウジザクラ",0,3,0,3,complete
chikushizakura,"筑紫桜",0,3,0,3,complete
hirano-tsukubane,"突羽根（平野突羽根）",3,0,0,3,complete
tsubakikanzakura,"椿寒桜",0,3,0,3,complete
tsurukikusakura,"鶴菊桜",0,3,0,3,complete
temari,"手毬",0,3,0,3,complete
tenshiko,"天賜香",0,3,0,3,complete
toukaizakura,"東海桜",1,2,0,3,complete
tokyo-zakura,"東京桜",1,2,0,3,complete
togen,"桃源",0,0,0,0,no_image
naito-ohshima,"内藤大島",1,2,0,3,complete
najimazakura,"名島桜",0,3,0,3,complete
narano-yaezakura,"奈良の八重桜",0,3,0,3,complete
nioizakura,"匂桜",0,3,0,3,complete
nikko-zakura,"日光桜",0,0,0,0,no_image
nidozakura,"二度桜",0,3,0,3,complete
nodano-osakura,"野田の大桜",0,3,0,3,complete
hakusan-hatazakura,"白山旗桜",0,3,0,3,complete
hatagasane-ohshima,"旗重大島",0,3,0,3,complete
hachisuka-zakura,"蜂須賀桜",0,0,0,0,no_image
hatsumiyozakura,"初御代桜",0,3,0,3,complete
hanakagami,"華加賀美",0,3,0,3,complete
hanagasa,"花笠",0,3,0,3,complete
hanagatami-zakura,"花筺桜",0,3,0,3,complete
hamaoka-hamazaki,"浜岡早咲（仮称）",0,3,0,3,complete
hayazaki-yae-ohshima,"早咲八重大島",0,3,0,3,complete
baigoji-juzukakezakura,"梅護寺数珠掛桜",0,3,0,3,complete
banrikou,"萬里香",0,3,0,3,complete
hiuchidani-kikuzakura,"火打谷菊桜",0,3,0,3,complete
higan-dai-zakura,"彼岸大桜",1,2,0,3,complete
higurashi,"日暮",2,1,0,3,complete
hitachi-miyabi,"常陸乙女",2,1,0,3,complete
hinagikuzakura,"雛菊桜（菊枝垂の別種）",0,3,0,3,complete
himenosawa,"姫の沢",2,0,0,2,complete
hupehensis-1,"ヒュペエンシス",1,2,0,3,complete
hiyoshizakura,"日吉桜",1,2,0,3,complete
hiyodorizakura,"ヒヨドリザクラ",2,1,0,3,complete
hirosaki-sandanzaki,"弘前三段咲",1,2,0,3,complete
hirosaki-yukiakari,"弘前雪明り",1,2,0,3,complete
pink-wave,"ピンク ウェーブ",0,3,0,3,complete
pink-cloud,"ピンク クラウド",1,2,0,3,complete
pink-perfection,"ピンク パーフェクション",1,2,0,3,complete
first-lady,"ファースト レディー",0,3,0,3,complete
fuiri-zakura-b,"斑入桜（B）",2,0,0,2,complete
fuiri-shidare-zakura,"斑入枝垂桜",1,0,0,1,complete
fukuzaura,"福寿桜",1,2,0,3,complete
fukurokujyu,"福禄寿",2,1,0,3,complete
fugenzou,"普賢象",0,3,0,3,complete
fusa-zakura,"房桜",2,0,0,2,complete
fujizakura-ohaku-chirifu,"藤桜 大白散り斑",0,0,0,0,no_image
futakami-zakura,"二上山",1,0,0,1,complete
funadu-13go,"船津13号",2,1,0,3,complete
funadu-3go,"船津3号",2,1,0,3,complete
funabara-yoshino,"船原吉野",1,1,0,2,complete
fuyu-zakura,"冬桜",0,0,0,0,no_image
furusatozakura-isyu,"古里桜異種",0,3,0,3,complete
pusilliflora-yunnanensis,"プシリフローラ × ユンナネンシス",0,0,0,0,no_image
heishichi-zakura,"平七桜",0,3,0,3,complete
benigasa,"紅傘",0,3,0,3,complete
beni-shigure,"紅時雨",0,3,0,3,complete
beni-shidare,"紅枝垂",0,0,0,0,no_image
beni-tamanishiki,"紅玉錦",0,3,0,3,complete
beni-chochin,"紅提灯",0,3,0,3,complete
benizuruzakura,"紅鶴桜",0,3,0,3,complete
beni-demari,"紅手毬",0,3,0,3,complete
benibana-koubon-outou,"紅花甲本桜桃",0,3,0,3,complete
beniyutaka,"紅豊",0,0,0,0,no_image
bendono,"弁殿",0,3,0,3,complete
hoki-zakura,"伯耆桜",0,0,0,0,no_image
hoshu-zakura,"芳州桜",0,3,0,3,complete
hokusai,"北斎",3,0,0,3,complete
hokusai-isyu,"北斎異種",0,0,0,0,no_image
hokuho,"北甫",0,3,0,3,complete
hozaki-higan-yaezakura,"穂咲彼岸八重桜",0,3,0,3,complete
hosokawa-beni,"細川紅",0,3,0,3,complete
hosokawa-nioi,"細川匂",0,3,0,3,complete
white-fastigiata,"ホワイトファスティギアータ",0,3,0,3,complete
botan,"牡丹",1,2,0,3,complete
pond-c,"ポンドC",0,3,0,3,complete
maihime,"舞姫",0,3,0,3,complete
mazakura,"磨桜",0,3,0,3,complete
masuyama,"益山",1,2,0,3,complete
matsumae,"松前",0,3,0,3,complete
matsumae-aizen,"松前愛染",0,3,0,3,complete
matsumae-usugasanesomei,"松前薄重染井",0,3,0,3,complete
matsumae-usbenikokonoe,"松前薄紅小重",0,3,0,3,complete
matsumae-osio,"松前大紫",0,3,0,3,complete
matsumae-kazanin,"松前花山院",0,3,0,3,complete
matsumae-shiraginu,"松前白絹",0,3,0,3,complete
matsumae-hanazomei,"松前花染井",0,3,0,3,complete
matsumae-hanamiyako,"松前花都",0,3,0,3,complete
matsumae-hayazaki,"松前早咲",0,0,0,0,no_image
matsumae-fukujuzakura,"松前福寿桜",0,3,0,3,complete
matsumae-benitamae,"松前紅玉妻",0,3,0,3,complete
matsumae-benihigoromo,"松前紅緋衣",0,3,0,3,complete
matsumae-benimurasaki,"松前紅紫",0,3,0,3,complete
matsumae-yaekotobuki,"松前八重寿",0,3,0,3,complete
manaduruzakura,"愛鶴桜",0,0,0,0,no_image
manoga,"マノガ",0,3,0,3,complete
mamezakura,"マメザクラ",0,0,0,0,no_image
mikado-yoshino,"御帝吉野",0,3,0,3,complete
mikurumagaeshi,"御車返し",0,3,0,3,complete
mishima-fujizakura,"三島藤桜",0,3,0,3,complete
mishoumumei-imose729,"未詳無名（イモセ729番）",0,0,0,0,no_image
mishoumumei-imose730,"未詳無名（イモセ730番）",0,0,0,0,no_image
mishoumumei-oushusatozakura1224,"未詳無名（奥州里桜1224番）",0,0,0,0,no_image
mishoumumei-matsumaeyaekotobuki869,"未詳無名（松前八重寿869番）",0,0,0,0,no_image
mishoumumei-mikurumagaeshi270,"未詳無名（御車返し270番）",0,0,0,0,no_image
mitsukabizakura,"三鍬桜",0,3,0,3,complete
midorizakura,"緑桜",0,0,0,0,no_image
minakami-taihaku,"水上太白",2,1,0,3,complete
minobu-zakura,"身延桜",0,0,0,0,no_image
miyabi,"雅（プリンセス）",1,2,0,3,complete
myoshoji,"妙正寺",3,0,0,3,complete
myotoku-jigenzakura,"妙徳寺現源桜",0,3,0,3,complete
murasakizakura,"紫桜",0,3,0,3,complete
meigetsu,"明月",0,3,0,3,complete
mochizukizakura,"望月桜",0,0,0,0,no_image
morioka-shidare,"盛岡しだれ",0,3,0,3,complete
morikomachi,"森町桜",0,3,0,3,complete
yaeakebono,"八重曙",0,3,0,3,complete
yaekanhizakura,"八重寒緋桜",3,0,0,3,complete
yaeno-ohshima,"八重の大島",1,2,0,3,complete
yaenomamezakura,"八重の豆桜",0,0,0,0,no_image
yaebeni-ohshima,"八重紅大島",0,3,0,3,complete
yaebenishidare-sanokei,"八重紅枝垂(佐野系）",0,0,0,0,no_image
yaebeni-toranoo,"八重紅虎の尾",0,3,0,3,complete
yaebeni-higan,"八重紅彼岸",1,2,0,3,complete
yaemiyamazakura,"八重深山桜",1,2,0,3,complete
yaemurasakizakura-koshimizukei,"八重紫桜（小清水系）",0,3,0,3,complete
yakuoji-yae,"薬王寺八重",0,0,0,0,no_image
yatsubusazakura,"八房桜",2,1,0,3,complete
yamazakura,"ヤマザクラ",2,1,0,3,complete
yumehagizakura,"夢萩桜",0,3,0,3,complete
youkihi,"楊貴妃",0,3,0,3,complete
yoko,"陽光",0,3,0,3,complete
yousyun,"陽春",2,0,0,2,complete
yoro-zakura,"養老桜",0,3,0,3,complete
yokohamahizakura,"横浜緋桜",0,0,0,0,no_image
yokowazakura,"横輪桜",0,3,0,3,complete
yonono-yaezakura,"予野の八重桜",0,3,0,3,complete
raikoji-kikuzakura,"来迎寺菊桜",0,3,0,3,complete
ranran,"蘭蘭",1,1,0,2,complete
ryuunin-beniyaezakura,"龍雲院紅八重桜",0,3,0,3,complete
royal-burgundy,"ロイヤルバーガンディ",0,3,0,3,complete
wakakinosakura,"稚木の桜",0,3,0,3,complete
washinoo,"鷲の尾",1,0,0,1,complete
watanabezakura,"渡辺桜",0,3,0,3,complete
wadai,"ワダイ",0,3,0,3,complete
wabihito,"ワビヒト",0,3,0,3,complete
aoba,"青葉",2,0,0,2,complete
akatsukizakura,"暁桜",2,0,0,2,complete
akatsunaden,"暁撫弦",0,3,0,3,complete
akaneyae,"茜八重",0,0,0,0,no_image
asagirizakura,"朝霧桜",0,0,0,0,no_image
akihimezakura,"秋姫桜",0,3,0,3,complete
akebonozakura,"曙桜",1,0,0,1,complete
asatsuyuzakura,"朝露桜",1,1,0,2,complete
asami,"浅見",0,3,0,3,complete
ashigarazakura,"春めき",1,1,0,2,complete
gekko,"月光",1,2,0,3,complete
azumahigan,"東彼岸",0,0,0,0,no_image
amedamazakura,"雨玉桜",0,3,0,3,complete
ayanishiki,"綾錦",0,3,0,3,complete
izayoizakura,"十六夜桜",0,3,0,3,complete
ishizuchizakura,"石鎚桜",0,3,0,3,complete
izuzakura,"伊豆桜",0,3,0,3,complete
izutoizakura,"伊豆戸居桜",0,3,0,3,complete
itoukomorozakura,"伊藤小室桜",0,3,0,3,complete
itozakura,"糸桜",0,0,0,0,no_image
ibozakura,"疣桜",0,3,0,3,complete
imaiichikizakura,"今井一木桜",0,3,0,3,complete
imazubenikunzakura,"今津紅寒桜",0,0,0,0,no_image
iyokumagai,"伊予熊谷",0,3,0,3,complete
iriaizakura,"入会桜",2,1,0,3,complete
usuirokanzakura,"薄色寒桜",0,0,0,0,no_image
usugeyamazakura,"薄毛山桜",2,1,0,3,complete
usuzan,"薄山",3,0,0,3,complete
usubenikunzakura,"薄紅寒桜",0,0,0,0,no_image
ubahigan,"ウバヒガン",1,0,0,1,complete
umaji,"ウマジ",2,1,0,3,complete
urawa,"ウラワ",0,3,0,3,complete
unnanzakura,"ウンナンザクラ",0,0,0,0,no_image
eishu-zakura,"エイシュウザクラ",2,1,0,3,complete
ezonogasumizakura,"エゾノガスミザクラ",3,0,0,3,complete
ezozakura,"エゾザクラ",1,2,0,3,complete
ezoyamazakura,"エゾヤマザクラ",1,2,0,3,complete
edohigan-yae,"エドヒガンヤエ",1,0,0,1,complete
etorofuzakura,"エトロフザクラ",3,0,0,3,complete
eboshizakura,"エボシザクラ",1,0,0,1,complete
endozakura,"エンドウザクラ",1,2,0,3,complete
ouchiyama,"オオウチヤマ",0,2,0,2,complete
oookuchoji-zakura,"オオオクチョウジザクラ",0,3,0,3,complete
ookamezakura,"オオカメザクラ",1,2,0,3,complete
osaka-fuyuzakura,"オオサカフユザクラ",1,1,0,2,complete
oshogun,"オオショウクン",0,2,0,2,complete
osomei,"オオソメイ",0,1,0,1,complete
oodemari,"オオデマリ",0,2,0,2,complete
oobanamame-zakura,"オオバナマメザクラ",0,0,0,0,no_image
ooyamazakura,"オオヤマザクラ",1,2,0,3,complete
okamoto-zakura,"オカモトザクラ",1,2,0,3,complete
okinazakura,"オキナザクラ",0,2,0,2,complete
okumiyako,"オクミヤコ",0,2,0,2,complete
oguraya-mazakura,"オグラヤマザクラ",1,1,0,2,complete
okesa,"オケサ",0,2,0,2,complete
osozaki-oshima,"オソザキオオシマ",0,2,0,2,complete
otani-yae,"オタニヤエ",0,2,0,2,complete
otomegasumi,"オトメガスミ",0,2,0,2,complete
obizakura,"オビザクラ",0,2,0,2,complete
ontake-mamezakura,"オンタケマメザクラ",0,0,0,0,no_image
gakunanzakura,"ガクナンザクラ",0,0,0,0,no_image
kasazakura,"笠桜",1,2,0,3,complete
kasugai,"春日井",0,3,0,3,complete
kasumiezoyamazakura,"霞蝦夷山桜",2,0,0,2,complete
kasumiooyamazakura,"霞大山桜",2,0,0,2,complete
kamakazezakura,"鎌掛桜",0,3,0,3,complete
kamonokebono,"加茂の曙",0,3,0,3,complete
karamizakura,"唐実桜",1,1,0,2,complete
kariginu,"狩衣",0,3,0,3,complete
kawadzushogatu,"河津正月",0,0,0,0,no_image
kawanishizakura,"川西桜",0,3,0,3,complete
kankaoto,"寒花桜桃",0,3,0,3,complete
kankan,"寒寒",1,2,0,3,complete
kanzakura,"寒桜",0,0,0,0,no_image
kanjitsuzakura,"寒実桜",0,3,0,3,complete
kikuzakichoujizakura,"菊咲丁子桜",0,3,0,3,complete
kikuzakura,"菊桜",1,2,0,3,complete
kitanozakura,"北の桜",1,2,0,3,complete
kichijoji,"吉祥寺",0,3,0,3,complete
kinashichigozakura,"鬼無稚児桜",0,3,0,3,complete
kibizakura,"吉備桜",3,0,0,3,complete
kiyosumishidare,"清澄枝垂",0,0,0,0,no_image
kirigaya,"桐ヶ谷",0,3,0,3,complete
kiritachiyamazakura,"切立山桜",1,2,0,3,complete
kujootome,"九条乙女",0,3,0,3,complete
kumenosakura,"久米の桜",0,3,0,3,complete
kumoizakura,"雲居桜",0,3,0,3,complete
kumogabata,"雲ヶ畑",0,3,0,3,complete
kumonoe,"雲の上",0,3,0,3,complete
kuramakauzan,"鞍馬寒山",0,3,0,3,complete
kuramanibana,"鞍馬二花",0,3,0,3,complete
キヌガサ,"衣笠",0,3,0,3,complete
キリタチヤマザクラ,"霧立山桜",0,3,0,3,complete
クモノエ,"雲の井",0,3,0,3,complete
クラマカンザン,"鞍馬関山",0,3,0,3,complete
クラマニバナ,"鞍馬似花",0,3,0,3,complete
クルマドメ,"車駐",0,3,0,3,complete
クロダヒャクネン,"黒田百年",0,3,0,3,complete
クワジマザクラ,"桑島桜",0,3,0,3,complete
ゲバザクラ,"下馬桜",0,3,0,3,complete
ケヤマザクラ,"霞桜",0,0,0,0,no_image
ケンロクエンシキザクラ,"兼六園冬桜",0,3,0,3,complete
コウゼンジシロヤエザクラ,"光善寺白八重桜",0,3,0,3,complete
コウダイジ,"高台寺",0,3,0,3,complete
コウヨウ,"松前紅陽",0,3,0,3,complete
コウラン,"紅蘭",0,3,0,3,complete
コウリン,"松前香輪",0,3,0,3,complete
コガネイウスベニザクラ,"小金井薄紅桜",0,3,0,3,complete
コシノフクカサネ,"越の福かさね",0,3,0,3,complete
コシミズハヤザキ,"越水早咲き",0,3,0,3,complete
ゴショサコンノサクラ,"御所左近の桜",1,2,0,3,complete
ゴショミクルマガエシ,"御所御車返し",0,3,0,3,complete
satsuma-zakura,"薩摩桜",1,2,0,3,complete
satsuma-hizakura,"薩摩緋桜",1,2,0,3,complete
sanoki-kuzakura,"佐野菊桜",0,3,0,3,complete
sanzenki-zakura,"三千木桜",0,3,0,3,complete
shiokaze-zakura,"潮風桜",3,0,0,3,complete
shiogama,"塩竈",3,0,0,3,complete
shionobori,"塩昇",0,3,0,3,complete
shikoku-mamezakura,"四国豆桜",0,0,0,0,no_image
shishinden,"紫宸殿",0,3,0,3,complete
shidaresomei-yoshino,"枝垂染井吉野",2,1,0,3,complete
shibuya-konno-uzakura,"渋谷金王桜",2,0,0,2,complete
shimamachi-kiku-zakura,"島町菊桜",0,3,0,3,complete
shimotaga-naden,"下多賀納殿",0,3,0,3,complete
shukugawa-maizakura,"夙川舞桜",0,3,0,3,complete
shuzenji-zakura,"修禅寺桜",1,1,0,2,complete
juniyae,"十二単",0,3,0,3,complete
jurokunichi-zakura,"十六日桜",0,0,0,0,no_image
junai-gasumi,"純愛霞",0,3,0,3,complete
jogasaki-zakura,"城ヶ崎桜",0,3,0,3,complete
jokyoji-temari-zakura,"常鏡寺手鞠桜",2,1,0,3,complete
shogatsu-zakura,"正月桜",1,2,0,3,complete
shoki,"鐘馗",0,3,0,3,complete
shogetsuj-noozakura,"松月寺の大桜",1,1,0,2,complete
shoji-kanzashi,"庄司簪",0,3,0,3,complete
shofukuji,"正福寺",1,0,0,1,complete
shofukuji-shidare,"正福寺枝垂",0,3,0,3,complete
shohoji-kikuzakura,"正法寺菊桜",0,3,0,3,complete
ジョウキョウジテマリザクラ,"浄教寺手鞠桜",0,3,0,3,complete
シラクモ,"白雲",0,3,0,3,complete
シラツユ,"白露",1,1,0,2,complete
シラハマイコナ,"白浜伊古奈",0,0,0,0,no_image
シロウスガサネ,"白薄重",0,3,0,3,complete
シロヒガン,"江戸彼岸",0,0,0,0,no_image
シロヤマザクラ,"白山桜",0,3,0,3,complete
シンエイザクラ,"信英桜",0,3,0,3,complete
シンデン,"心田",1,0,0,1,complete
シンニシキ,"新錦",0,3,0,3,complete
スザク,"朱雀",0,3,0,3,complete
スパイアー,"スパイアー",0,3,0,3,complete
スミゾメ,"墨染",1,1,0,2,complete
takamorikojo,"高森古城",1,1,0,2,complete
takiko,"滝香",1,1,0,2,complete
takinioi,"滝匂",1,2,0,3,complete
takeshima,"竹島",0,0,0,0,no_image
tachihigan,"立彼岸",1,2,0,3,complete
tatsuzakura,"立桜",2,0,0,2,complete
tamagaki,"松前玉垣",0,3,0,3,complete
tamanawa-zakura,"玉縄桜",0,2,0,2,complete
tamanohoshi-zakura,"玉の星桜",0,3,0,3,complete
dainagon-kikuzakura,"大納言菊桜",0,3,0,3,complete
daimin,"大明",0,3,0,3,complete
dairino-sakura,"内裏の桜",1,1,0,2,complete
danchi-oto,"檀智桜桃",0,0,0,0,no_image
chishima-zakura,"千島桜",0,2,0,2,complete
chichibu-benishidare,"秩父紅枝垂",0,0,0,0,no_image
chuzenji-zakura,"中禅寺桜",0,0,0,0,no_image
choshoin-hatazakura,"長勝院旗桜",0,3,0,3,complete
choryo,"長良",2,0,0,2,complete
tsukihashi-kikuzakura,"月橋菊桜",0,3,0,3,complete
tsukushi-yamazakura,"筑紫山桜",1,1,0,2,complete
tegara-zakura,"手柄桜",0,2,0,2,complete
tennin-fuji,"天人藤",0,3,0,3,complete
torano-o,"虎の尾",0,3,0,3,complete
dobakanza,"道場勘山",0,3,0,3,complete
nagae-yae,"長枝八重",0,0,0,0,no_image
nagasaki-zakura,"長崎桜",0,3,0,3,complete
nadeshiko-zakura,"撫子桜",0,3,0,3,complete
nanamori-zakura,"七曲桜",0,3,0,3,complete
naniwa-zakura,"難波桜",0,3,0,3,complete
チョウリョウ,"潮陵",0,3,0,3,complete
ツキハシキクザクラ,"槻橋菊桜",0,3,0,3,complete
ツクバネ,"突羽根",0,3,0,3,complete
ツルギオリトキクザクラ,"剱折戸菊桜",0,3,0,3,complete
テンニンフジ,"天人富士",0,3,0,3,complete
トウインヤエヤマザクラ,"東員八重山桜",0,3,0,3,complete
ドウバカンザン,"銅葉関山",0,3,0,3,complete
ナガエヤエ,"長柄八重",0,0,0,0,no_image
ナガサキザクラ,"長咲桜",0,3,0,3,complete
ナナモリザクラ,"七盛桜",0,3,0,3,complete
ナルサワザクラ,"鳴沢桜",0,3,0,3,complete
ナラノココノエザクラ,"奈良の九重桜",0,3,0,3,complete
ニシナザオウ,"仁科蔵王",0,3,0,3,complete
ニシナオトメ,"仁科乙女",0,3,0,3,complete
ニシナコマチ,"仁科小町",0,3,0,3,complete
ニシナハルカ,"仁科春果",0,3,0,3,complete
ニシノミヤゴンゲンタイラザクラ,"西宮権現平桜",0,3,0,3,complete
ニソンインフケンゾウ,"二尊院普賢象",0,3,0,3,complete
ニュウゼンオトメキクザクラ,"入善乙女キクザクラ",0,3,0,3,complete
ニョゼザクラ,"如是桜",0,3,0,3,complete
ノナカノサクラ,"野中桜",0,3,0,3,complete
ノノミヤ,"野々宮",0,3,0,3,complete
ハクサン1ゴウ,"白山１号",0,3,0,3,complete
ハクサンオオデマリ,"白山大手毬",0,3,0,3,complete
ハクチョウ,"白鳥",2,1,0,3,complete
ハクホウザクラ,"白鳳桜",0,3,0,3,complete
ハクホウ,"白峰",1,2,0,3,complete
ハコダテニオイ,"函館匂",0,3,0,3,complete
ハコネザクラ,"豆桜",0,0,0,0,no_image
ハシタテキクザクラ,"橋立菊桜",0,3,0,3,complete
ハセフ,"長谷府",0,3,0,3,complete
ハタザクラ,"旗桜",2,1,0,3,complete
ハッテンザクラ,"八天桜",0,3,0,3,complete
ハナカゴト,"花香琴",0,3,0,3,complete
ハナシホウ,"花司峰",0,3,0,3,complete
ハヤシ1ゴウ,"林１号",1,2,0,3,complete
ハヤシ2ゴウ,"林２号",1,2,0,3,complete
ハンベイシロベニザクラ,"半兵衛白紅桜",0,3,0,3,complete
ヒゴヨシノ,"肥後吉野",0,3,0,3,complete
ヒザクラ,"緋桜",0,3,0,3,complete
ヒナハチジョウ,"雛八丈桜",0,3,0,3,complete
ヒマラヤザクラ,"ヒマラヤ桜",1,2,0,3,complete
ヒマラヤヒザクラ,"ヒマラヤ緋桜",1,0,0,1,complete
ヒミクヅロキクザクラ,"氷見久津呂菊桜",0,3,0,3,complete
ヒメタカサゴ,"姫高砂",0,3,0,3,complete
ヒメミドリザクラ,"姫緑桜",0,0,0,0,no_image
ヒュペヘンシス,"ヒュペヘンシス",0,3,0,3,complete
ヒラノニオイ,"平野匂",0,3,0,3,complete
ヒラノネザメ,"平野寝覚",0,3,0,3,complete
ヒロシマエバヤマザクラ,"広島江波山桜",0,3,0,3,complete
フイリシダレ,"斑入り枝垂",0,0,0,0,no_image
beniyaesomeiyoshino,"紅八重染井吉野",2,1,0,3,complete
beniyamazakura,"紅山桜",1,2,0,3,complete
beniyoshino,"紅吉野",0,3,0,3,complete
houmyouji,"豊明寺",0,3,0,3,complete
houraizakura,"蓬莱桜",0,0,0,0,no_image
houraisan,"蓬莱山",0,3,0,3,complete
hourinji,"法輪寺",0,3,0,3,complete
hokuenzakura,"北苑桜",0,3,0,3,complete
hokutotakasago,"北斗高砂",0,3,0,3,complete
hoshizakura,"星桜",0,3,0,3,complete
hotate,"帆立",0,3,0,3,complete
horiihizakura,"堀井緋桜",0,3,0,3,complete
honseijikogikuzakura,"本誓寺小菊桜",0,3,0,3,complete
honseijishidare,"本誓寺枝垂",0,0,0,0,no_image
bonborizakura,"雪洞桜",0,3,0,3,complete
machimura,"待村桜",0,3,0,3,complete
matsuhimezakura,"松姫桜",0,3,0,3,complete
matsumaeakane,"松前茜",1,2,0,3,complete
matsumaeavanishiki,"松前綾錦",1,0,0,1,complete
matsumaearatama,"松前新玉",1,2,0,3,complete
matsumaekorin,"松前紅鱗",1,2,0,3,complete
matsumaekoitozakura,"松前琴糸桜",1,2,0,3,complete
matsumaeokoyuki,"松前小雪",1,2,0,3,complete
matsumaesasameyuki,"松前笹目雪",1,2,0,3,complete
matsumaesarasa,"松前更紗",1,2,0,3,complete
matsumaeoshizuka,"松前静",1,2,0,3,complete
matsumaeshirasagi,"松前白鷺",1,2,0,3,complete
matsumaeshirobotan,"松前白牡丹",1,2,0,3,complete
matsumaesekimori,"松前関守",1,2,0,3,complete
matsumaefuki,"松前深紅",1,2,0,3,complete
matsumaefukuzakura,"松前福桜",1,2,0,3,complete
matsumae-beni-usome,"松前紅染",0,3,0,3,complete
matsumae-benigasa,"松前紅笠",0,3,0,3,complete
matsumae-beni-kosode,"松前紅小袖",0,3,0,3,complete
matsumae-beni-botan,"松前紅牡丹",0,3,0,3,complete
matsumae-yae-goromo,"松前八重衣",0,3,0,3,complete
matsumae-yuen,"松前幽艶",0,3,0,3,complete
mani-yae-yamazakura,"真仁八重山桜",2,1,0,3,complete
maruyama,"丸山",0,3,0,3,complete
mishima-zakura,"三島桜",0,3,0,3,complete
mishima-taki-nioi,"三島滝匂",0,3,0,3,complete
mizutama-zakura,"水玉桜",0,3,0,3,complete
misumi-ohira-zakura,"三角大平桜",0,0,0,0,no_image
midono-yae,"三殿野八重",0,0,0,0,no_image
midori-kinki-mame-zakura,"緑近畿豆桜",0,0,0,0,no_image
midori-yoshino,"緑吉野",0,0,0,0,no_image
minami-zakura,"南桜",0,3,0,3,complete
mine-zakura,"峰桜",0,3,0,3,complete
miyano-hina-zakura,"宮野雛桜",0,3,0,3,complete
miyama-zakura,"深山桜",0,3,0,3,complete
meg-zakura,"目具桜",0,3,0,3,complete
mejiro-zakura,"目白桜",1,2,0,3,complete
moniwa-zakura,"茂庭桜",3,0,0,3,complete
yae-zaki-yamahigan,"八重咲き山彼岸",1,0,0,1,complete
yae-no-oyama-zakura,"八重のオオヤマ桜",1,2,0,3,complete
yae-no-sakon,"八重の左近",2,1,0,3,complete
yae-yamakoshi,"八重山越",0,3,0,3,complete
yae-yamazakura,"八重山桜",2,1,0,3,complete
マンゲツ,"満月",3,0,0,3,complete
ミシマフジミザクラ,"三島富士見桜",0,3,0,3,complete
ミスミオオヒラザクラ,"三隅大平桜",0,3,0,3,complete
ミダレユキ,"乱雪",1,2,0,3,complete
ミドノヤエ,"水土野八重",0,0,0,0,no_image
ミナカミ,"水上",1,2,0,3,complete
ミナトザクラ,"湊桜",2,1,0,3,complete
ミヤコニシキ,"都錦",0,3,0,3,complete
ミヤノヒナザクラ,"宮の雛桜",0,3,0,3,complete
ミヤマチョウジザクラ,"深山丁子桜",0,3,0,3,complete
ムシャザクライデンケン,"ムシャザクラ（遺伝研の株）",0,3,0,3,complete
メグザクラ,"萌紅桜",0,3,0,3,complete
ヤエムラサキザクラ,"八重紫桜",0,3,0,3,complete
ヤエヤマコシ,"八重山古志",0,3,0,3,complete
ヤダケムラサキ,"矢岳紫",0,3,0,3,complete
ヤチヨ,"八千代",2,0,0,2,complete
ヤツセニオイ,"八瀬匂",1,2,0,3,complete
ヤヒコ,"雛菊桜",0,3,0,3,complete
ヤブザクラ,"藪桜",0,3,0,3,complete
ヤマトニシキ,"大和錦",1,2,0,3,complete
ヤマヒガン,"ヤマヒガン",0,3,0,3,complete
ヤヨイタカサゴ,"弥生高砂",0,3,0,3,complete
ユウエン,"松前優艶",0,3,0,3,complete
ユウガ,"松前優雅",0,3,0,3,complete
ユウグレ,"夕暮",1,0,0,1,complete
ユウバエガスミ,"夕映霞",0,3,0,3,complete
ユゲ,"弓削",0,3,0,3,complete
ヨウドウザクラ,"揚道桜",0,3,0,3,complete
ヨサノアキコ,"与謝野晶子",1,0,0,1,complete
ヨシノシダレ,"吉野枝垂",0,3,0,3,complete
リュウウンインベニヤエ,"龍雲院紅八重",0,3,0,3,complete
リンポウザクラ,"林宝桜",0,0,0,0,no_image
ワカナニッコウザクラ,"若名日光桜",0,3,0,3,complete
ワカムシャザクラ,"若武者桜",0,3,0,3,complete
ワセヤマザクラ,"早生山桜",0,3,0,3,complete
ワセヨシノ,"早生吉野",0,3,0,3,complete
angyo-zakura,"安行桜",1,0,0,1,complete
inu-zakura,"犬桜",1,2,0,3,complete
uwamizu-zakura,"上溝桜",0,3,0,3,complete
edo-zakura,"江戸桜",0,1,0,1,complete
edohigan-zakura,"江戸彼岸桜",0,0,0,0,no_image
suzaku-zakura,"朱雀桜",0,3,0,3,complete
niwa-zakura,"庭桜",0,3,0,3,complete
higan-zakura,"彼岸桜",1,2,0,3,complete
fuji-shidare-zakura,"富士枝垂桜",0,0,0,0,no_image
miyabi-zakura,"雅桜",0,3,0,3,complete
ryukyu-kanhizakura,"琉球寒緋桜",2,1,0,3,complete
koba-zakura,"小葉桜",0,0,0,0,no_image
koshi-no-higan,"越の彼岸",2,0,0,2,complete
choji-mame-zakura,"チョウジマメザクラ",0,0,0,0,no_image
oneyama-zakura,"オネヤマザクラ",0,0,0,0,no_image
miyama-kasumi-zakura,"深山霞桜",0,0,0,0,no_image
shinei-zakura,"晋栄桜",0,0,0,0,no_image
kashio-zakura,"樫尾桜",0,0,0,0,no_image
imajuku-zakura,"今宿桜",0,3,0,3,complete
iwai-zakura,"祝桜",0,3,0,3,complete
oshiba-yama,"大芝山",0,3,0,3,complete
kuruma-dome,"車止め",2,1,0,3,complete
koenji-shiro-yae-zakura,"高円寺白八重桜",0,3,0,3,complete
goten-nioi,"御殿匂",0,3,0,3,complete
kongo-zan,"金剛山",0,3,0,3,complete
sho-nanden,"正南殿",0,3,0,3,complete
sendai-shidare,"仙台枝垂",0,3,0,3,complete
haku-kasan,"白花山",3,0,0,3,complete
fuku-zakura,"福桜",3,0,0,3,complete
fudan-zakura,"不断桜",0,1,0,1,complete
beni-gasa,"紅笠",0,3,0,3,complete
hokuhо,"北方",1,0,0,1,complete
ma-zakura,"真桜",2,0,0,2,complete
matsumae-oshima,"松前大島",0,0,0,0,no_image
matsumae-fuki,"松前風杏",0,3,0,3,complete
mikkabi-zakura,"三ヶ日桜",0,3,0,3,complete
yae-nioi,"八重匂",0,3,0,3,complete
yadake-murasaki,"矢竹紫",0,3,0,3,complete
hatsu-yuki-zakura,"初雪桜",0,3,0,3,complete
ke-ezo-yamazakura,"毛蝦夷山桜",0,3,0,3,complete
kirifuri-zakura,"霧降桜",0,3,0,3,complete
kuchinashi-zakura,"梔子桜",0,3,0,3,complete
sodo-zakura,"総道桜",0,3,0,3,complete
raikoji-kiku-zakura,"頼光寺菊桜",0,3,0,3,complete
yamagoshi-murasaki,"山越紫",0,3,0,3,complete
yama-mochizuki-zakura,"山望月桜",0,0,0,0,no_image
okusai-zakura,"大草井桜",0,3,0,3,complete
shidare-okusai-zakura,"枝垂大草井桜",0,3,0,3,complete
katte-zakura,"勝手桜",0,0,0,0,no_image
somei-nioi,"染井匂",0,3,0,3,complete
shira-taki-zakura,"白滝桜",0,0,0,0,no_image
shira-tama,"白玉",0,0,0,0,no_image
tomoe-zakura,"巴桜",0,3,0,3,complete
shojo,"猩々",1,0,0,1,complete
myojo,"明星",0,3,0,3,complete
buko-mame-zakura,"武甲豆桜",0,0,0,0,no_image
manazuru-zakura,"真鶴桜",0,0,0,0,no_image
yaeno-oshima-zakura,"八重大島桜",1,2,0,3,complete
yaeno-kasumi-zakura,"八重霞桜",0,3,0,3,complete
kikuzaki-okuchoji-zakura,"菊咲奥丁字桜",0,3,0,3,complete
hatsumiyo-zakura,"初巳桜",2,1,0,3,complete
risshun-kanzakura,"立春寒桜",0,0,0,0,no_image
beni-nanden,"紅南殿",0,3,0,3,complete
saiho-ji-zakura,"西方寺桜",0,3,0,3,complete
wakaki-no-sakura,"若木の桜",0,3,0,3,complete
taki-no-sakura,"滝の桜",0,0,0,0,no_image
kohoku-nioi,"江北匂",0,3,0,3,complete
matsumae-usubeni-kokonoe,"松前薄紅九重",0,3,0,3,complete
shidare-oyama-zakura,"枝垂大山桜",0,3,0,3,complete
kaba-zakura,"樺桜",1,2,0,3,complete
takane-oyama-zakura,"高嶺大山桜",0,3,0,3,complete
zenshoji-kiku-zakura,"善照寺菊桜",0,3,0,3,complete
snow-goose,"スノーグース",1,2,0,3,complete
spire,"スパイア",3,0,0,3,complete
dawyck-zakura,"ドーウィック桜",0,0,0,0,no_image
siebold-zakura,"シーボルト桜",0,0,0,0,no_image
kurama-yama,"鞍馬山",0,3,0,3,complete
rosy-cloud,"ロージークラウド",0,3,0,3,complete
hirtipes-zakura,"ヒルティペス桜",0,0,0,0,no_image
kursar,"クルサー",2,1,0,3,complete
kojo-no-mai,"小城の舞",0,0,0,0,no_image
autumnalis-rosea,"オータムナリスロゼア",0,3,0,3,complete
asano,"浅野",0,3,0,3,complete
seiyomizakura,"西洋実桜",1,2,0,3,complete
rokkoukikuzakura,"六高菊桜",0,0,0,0,no_image