id,name,raw_score,stars,label,reasons
accolade,アーコレード,4,★★★★,とても珍しい,八重咲き|二季咲き（春と秋に開花）
aizu-usuzumi,会津薄墨,6,★★★★,とても珍しい,八重咲き|国指定天然記念物|一本桜・原木
akashinju,赤真珠,2,★★★,珍しい,紫紅色の花
akatsuki-naden,暁南殿,1,★★,やや珍しい,半八重咲き
akabana-mazakura,赤花真桜,0,★,よく見る,
akami-ohshima,赤実大島,0,★,よく見る,
agishi-kogiku-zakura,阿岸小菊桜,8,★★★★★,激レア,菊咲き|国指定天然記念物|一本桜・原木
asahiyama,旭山,1,★★,やや珍しい,八重咲き
azumanishiki,東錦,0,★,よく見る,
atamizakura,熱海桜,0,★,よく見る,
akkeshi-taizanfukun,厚岸泰山府君,3,★★★,珍しい,八重咲き|一本桜・原木
amagiyoshino,天城吉野,0,★,よく見る,
amanogawa,天の川,0,★,よく見る,
amayadori,雨宿,0,★,よく見る,
america,アメリカ,0,★,よく見る,
arakawanioi,荒川匂,0,★,よく見る,
arashiyama,嵐山,0,★,よく見る,
aratama,新珠,1,★★,やや珍しい,八重咲き
ariake,有明,0,★,よく見る,
izu-saifukuji-shidare,伊豆最福寺枝垂,3,★★★,珍しい,八重咲き|一本桜・原木
izutaga-aka,伊豆多賀赤,0,★,よく見る,
izutaga-shiro,伊豆多賀白,0,★,よく見る,
izu-yoshino,伊豆吉野,0,★,よく見る,
ichiharatoranoo,市原虎の尾,1,★★,やや珍しい,八重咲き
ichiyou,一葉,0,★,よく見る,
itsukayama,早晩山,0,★,よく見る,
ito-zakura,伊東桜,1,★★,やや珍しい,品種登録品
itokukuri,糸括,1,★★,やや珍しい,八重咲き
ivensii,イベンシー,0,★,よく見る,
hiranojinja-imose,妹背（平野神社）,3,★★★,珍しい,八重咲き|一本桜・原木
iyo-usuzumi,伊予薄墨,6,★★★★,とても珍しい,八重咲き|国指定天然記念物|一本桜・原木
ueno-shirayuki-shidare,上野白雪枝垂,2,★★★,珍しい,一本桜・原木
warwick,ウォーウィック,4,★★★★,とても珍しい,八重咲き|二季咲き（春と秋に開花）
ukon,鬱金,4,★★★★,とても珍しい,黄緑・緑系の珍しい花色|八重咲き
ujo-shidare,雨情枝垂,1,★★,やや珍しい,八重咲き
ushugasane-ohshima,薄重大島,1,★★,やや珍しい,半八重咲き
usuge-ohshima,薄毛大島,0,★,よく見る,
usuzumi,薄墨,0,★,よく見る,
usubeni-miyama,薄紅深山桜,0,★,よく見る,
uzuzakura,渦桜,0,★,よく見る,
umineko,ウミネコ,0,★,よく見る,
umineko-isyu,ウミネコ異種,0,★,よく見る,
unryu-ohshima,雲竜大島,0,★,よく見る,
eigenji,永源寺,1,★★,やや珍しい,八重咲き
ezo-nishiki,蝦夷錦,2,★★★,珍しい,濃紅色の花|八重咲き
edo,江戸,0,★,よく見る,
edohigan-ichifusa-beni,江戸彼岸（市房紅）,0,★,よく見る,
edohigan-ozakura,江戸彼岸（大桜）,0,★,よく見る,
edohigan-mukaino,江戸彼岸（向野）,2,★★★,珍しい,一本桜・原木
edohigan-yamataka-jindai-zakura,江戸彼岸（山高神代桜）,5,★★★★,とても珍しい,国指定天然記念物|一本桜・原木
eregansu-miyuki,エレガンスみゆき,6,★★★★,とても珍しい,濃紅色の花|八重咲き|二季咲き（春と秋に開花）|品種登録品
entsuji-zakura,円通寺桜,2,★★★,珍しい,一本桜・原木
oushusatozakura,奥州里桜,1,★★,やや珍しい,八重咲き
ouchi-zakura,大内桜,3,★★★,珍しい,半八重咲き|一本桜・原木
o-kanzakura,大寒桜,0,★,よく見る,
okusa-kohigan,大草小彼岸,2,★★★,珍しい,一本桜・原木
osawazakura,大沢桜,3,★★★,珍しい,半八重咲き|一本桜・原木
oshimazakura,オオシマザクラ,1,★★,やや珍しい,野生種
ota-zakura,太田桜,4,★★★★,とても珍しい,濃紅色の花|菊咲き
ojochin,大提灯,0,★,よく見る,
onadeshiko,大撫子,1,★★,やや珍しい,八重咲き
onaden,大南殿,1,★★,やや珍しい,八重咲き
ohara-nagisa,大原渚,3,★★★,珍しい,半八重咲き|一本桜・原木
oharanagisa-isyu,大原渚異種,1,★★,やや珍しい,半八重咲き
ominezakura,大峰桜,0,★,よく見る,
omurazakura,大村桜,8,★★★★★,激レア,菊咲き|国指定天然記念物|一本桜・原木
okame,オカメ,2,★★★,珍しい,紫紅色の花
okuchoji-zakura,奥丁字桜,1,★★,やや珍しい,野生種
oshidorizakura,鴛鴦桜,1,★★,やや珍しい,八重咲き
oneyama-higan,小根山彼岸,0,★,よく見る,
ofusa-zakura,お房桜,0,★,よく見る,
ominosato-buraizakura,麻績の里舞台桜,4,★★★★,とても珍しい,半八重咲き|国指定天然記念物
omuro-ariake,御室有明,1,★★,やや珍しい,八重咲き
omoigawa,思川,1,★★,やや珍しい,半八重咲き
omoidezakura,思伊出桜,1,★★,やや珍しい,八重咲き
kakegawa-zakura,掛川桜,0,★,よく見る,
kasumizakura,カスミザクラ,1,★★,やや珍しい,野生種
kataoka-zakura,片丘桜,0,★,よく見る,
katsuura-hinazakura,勝浦雛桜,0,★,よく見る,
kaba-sakura,蒲桜,5,★★★★,とても珍しい,国指定天然記念物|一本桜・原木
kamatari-zakura,鎌足桜,3,★★★,珍しい,八重咲き|一本桜・原木
kamiiso-ushiozakura,上磯海潮桜,3,★★★,珍しい,八重咲き|一本桜・原木
kamiokazakura,神岡桜,0,★,よく見る,
kamiyama-shidare-zakura,神山枝垂桜,2,★★★,珍しい,一本桜・原木
kawaduzakura,河津桜,0,★,よく見る,
kanzaki-ohshima,寒咲大島,0,★,よく見る,
kanzashi-zakura,簪桜,1,★★,やや珍しい,八重咲き
kanzan,関山,2,★★★,珍しい,濃紅色の花|八重咲き
campanuloides,カンパニュロイデス,0,★,よく見る,
kanhizakura,カンヒザクラ,2,★★★,珍しい,紫紅色の花
kanhizakura-taiwan,カンヒザクラ（台湾産）,2,★★★,珍しい,紫紅色の花
ganman-zakura,含満桜,2,★★★,珍しい,一本桜・原木
kikushidare,菊枝垂,3,★★★,珍しい,菊咲き
kibune-uzu,貴船雲珠,1,★★,やや珍しい,八重咲き
kirin,麒麟,2,★★★,珍しい,濃紅色の花|八重咲き
kinki-mamezakura,近畿豆桜,1,★★,やや珍しい,野生種
kinryu-zakura,金龍桜,6,★★★★,とても珍しい,半八重咲き|国指定天然記念物|一本桜・原木
gioji-gijo-zakura,祇王寺祇女桜,2,★★★,珍しい,八重咲き|野生種
gyoikou,御衣黄,5,★★★★,とても珍しい,黄緑・緑系の珍しい花色|八重咲き
gyosyo,暁鐘,1,★★,やや珍しい,八重咲き
kushima-zakura,玖島桜,6,★★★★,とても珍しい,八重咲き|国指定天然記念物|一本桜・原木
kushiro-yae,釧路八重,7,★★★★★,激レア,濃紅色の花|八重咲き|品種登録品|野生種|多弁（100枚以上）
kumagai,熊谷,1,★★,やや珍しい,八重咲き
kumagaizakura,熊谷桜,1,★★,やや珍しい,八重咲き
kumanozakura,クマノザクラ,2,★★★,珍しい,新種・新発見
kurama,クラマ,1,★★,やや珍しい,八重咲き
kurama-uzu,鞍馬雲珠,0,★,よく見る,
kurama-zakura,鞍馬桜（肥後吉野）,2,★★★,珍しい,一本桜・原木
kurusaru,クルサル,0,★,よく見る,
kureha-otome-shidare,呉羽おとめ枝垂,3,★★★,珍しい,八重咲き|一本桜・原木
keio-zakura,啓翁桜,0,★,よく見る,
ketano-shirokikuzakura,気多の白菊桜,8,★★★★★,激レア,菊咲き|国指定天然記念物|一本桜・原木
kechimyakuzakura,血脈桜原木,3,★★★,珍しい,八重咲き|一本桜・原木
kemuriyama-beni-yamazakura,煙山紅山桜,0,★,よく見る,
kenrokuen-kikuzakura,兼六園菊桜,8,★★★★★,激レア,菊咲き|国指定天然記念物|一本桜・原木
kenrokuen-kumagai,兼六園熊谷,2,★★★,珍しい,一本桜・原木
geba-zakura-ishu,下馬桜異種,0,★,よく見る,
koka,紅華,1,★★,やや珍しい,八重咲き
kofuku,幸福,1,★★,やや珍しい,八重咲き
kokeshimizu,苔清水,0,★,よく見る,
kokonoe,九重,1,★★,やや珍しい,半八重咲き
koshioyama,小汐山（小塩山）,0,★,よく見る,
koshino-kamozakura,越の加茂桜,1,★★,やや珍しい,濃紅色の花
koshinohigan-kimurakabu,越の彼岸（木村株）,4,★★★★,とても珍しい,国指定天然記念物|野生種
koshinohigan_koshimuragenboku,越の彼岸（越村原木）,2,★★★,珍しい,一本桜・原木
koshino-fuyuzakura,越の冬桜,3,★★★,珍しい,二季咲き（春と秋に開花）
kojonomai,湖上の舞,0,★,よく見る,
kocho,胡蝶,1,★★,やや珍しい,八重咲き
kotohira,琴平,3,★★★,珍しい,八重咲き|一本桜・原木
konohana-zakura,木の花桜,5,★★★★,とても珍しい,菊咲き|一本桜・原木
kobanayae-ohshima,小花八重大島,1,★★,やや珍しい,八重咲き
kohigan,小彼岸,0,★,よく見る,
kobuku-zakura,子福桜,4,★★★★,とても珍しい,八重咲き|二季咲き（春と秋に開花）
komatsu-otome,小松乙女,2,★★★,珍しい,一本桜・原木
komatsunagi,駒繋,0,★,よく見る,
komame-zakura,小豆桜,0,★,よく見る,
collingwood-ingram,コリングウッド イングラム,0,★,よく見る,
conradinae-schmitii-semiplena,コンラディナエ × スミッティ セミプレナ,0,★,よく見る,
conradinae-semiplena,コンラディナエ セミプレナ,0,★,よく見る,
gokurakuji-zakura,極楽寺桜,3,★★★,珍しい,菊咲き
gozanomanioi,御座の間匂,0,★,よく見る,
gosyozakura,五所桜,1,★★,やや珍しい,八重咲き
goshinzakura,御信桜,1,★★,やや珍しい,八重咲き
gotenba-zakura,御殿場桜,0,★,よく見る,
sakigake,さきがけ,1,★★,やや珍しい,半八重咲き
sakuyahime,咲耶姫,1,★★,やや珍しい,半八重咲き
sasaga-oshidori,笹賀鴛鴦桜,3,★★★,珍しい,八重咲き|一本桜・原木
sasabe-zakura,笹部桜,3,★★★,珍しい,半八重咲き|一本桜・原木
satohara,里原,1,★★,やや珍しい,八重咲き
sanozakura,佐野桜,1,★★,やや珍しい,半八重咲き
shikizaki-chojizakura,四季咲丁字桜,3,★★★,珍しい,二季咲き（春と秋に開花）
shikizaki-banshi,四季咲伴氏,4,★★★★,とても珍しい,八重咲き|二季咲き（春と秋に開花）
shikizakura,四季桜,3,★★★,珍しい,二季咲き（春と秋に開花）
shizuka,静香,1,★★,やや珍しい,八重咲き
shizuka-zakura,静桜,3,★★★,珍しい,八重咲き|一本桜・原木
shizuka-nioi,静匂,0,★,よく見る,
shisensho-gabisansan,四川省峨眉山産,1,★★,やや珍しい,野生種
shidarezakura,枝垂桜,0,★,よく見る,
shidarezakura-daisenshiro,枝垂桜（大仙白）,2,★★★,珍しい,一本桜・原木
shidare-higan,しだれ彼岸,0,★,よく見る,
shidare-fujizakura,枝垂富士桜,1,★★,やや珍しい,八重咲き
shidare-yamazakura,枝垂山桜（仙台枝垂）,0,★,よく見る,
shinamizakura,シナミザクラ,0,★,よく見る,
shibayama,芝山,0,★,よく見る,
syuzenjikanzakura,修善寺寒桜,4,★★★★,とても珍しい,紫紅色の花|一本桜・原木
schmittii,シュミッティイ,0,★,よく見る,
shogetsu,松月,0,★,よく見る,
shogetsu-isyu,松月異種,1,★★,やや珍しい,八重咲き
shodo-zakura,勝道桜,2,★★★,珍しい,一本桜・原木
shodo-higan,勝道彼岸,0,★,よく見る,
shofukuji-zakura,正福寺桜,3,★★★,珍しい,八重咲き|一本桜・原木
showa-zakura,昭和桜,0,★,よく見る,
shosai,ショーサイ,0,★,よく見る,
shirayuki,白雪,0,★,よく見る,
shirayukihime,白雪姫,1,★★,やや珍しい,八重咲き
shirotae,白妙,0,★,よく見る,
shirofugen-karamurauto,シロフゲン（カラムタウト）,1,★★,やや珍しい,八重咲き
shin-sumizome,新墨染,0,★,よく見る,
shinranshonin-juzukake-zakura,親鸞上人数珠掛桜,2,★★★,珍しい,濃紅色の花|八重咲き
jugatsu-zakura,十月桜,4,★★★★,とても珍しい,八重咲き|二季咲き（春と秋に開花）
jyonioi,上匂,0,★,よく見る,
jindai-akebono,神代曙,2,★★★,珍しい,一本桜・原木
suisho,水晶,1,★★,やや珍しい,八重咲き
sumaura-fugenzo,須磨浦普賢象,5,★★★★,とても珍しい,黄緑・緑系の珍しい花色|八重咲き
sumizome-nioi,墨染匂,0,★,よく見る,
surugadai-nioi,駿河台匂,0,★,よく見る,
sunpu-zakura,駿府桜,1,★★,やや珍しい,八重咲き
zuisenji-fuyuzakura,瑞泉寺冬桜,3,★★★,珍しい,二季咲き（春と秋に開花）
seimei-sakura,清明さくら,1,★★,やや珍しい,半八重咲き
sendaiya,仙台屋,2,★★★,珍しい,一本桜・原木
sendaiyoshino,仙台吉野,1,★★,やや珍しい,八重咲き
sennenji-hizakura,専念寺緋桜,4,★★★★,とても珍しい,緋色の花|一本桜・原木
senriko,千里香,0,★,よく見る,
zenshoji-kikuzakura,善正寺菊桜,5,★★★★,とても珍しい,菊咲き|一本桜・原木
sotoorihime,衣通姫,0,★,よく見る,
sonosato-kizakura,園里黄桜,5,★★★★,とても珍しい,黄緑・緑系の珍しい花色|八重咲き
sonosato-ryokuryu,園里緑龍,5,★★★★,とても珍しい,黄緑・緑系の珍しい花色|八重咲き
somei-beni,染井紅,0,★,よく見る,
someiyoshino,染井吉野,0,★,よく見る,
taizanfukun,泰山府君,0,★,よく見る,
taihaku,太白,2,★★★,珍しい,一本桜・原木
taiheizakura,太平桜,1,★★,やや珍しい,八重咲き
tairyo-zakura,大漁桜,2,★★★,珍しい,一本桜・原木
taoyame,手弱女,3,★★★,珍しい,八重咲き|一本桜・原木
takaoka-koshino-higan,高岡越の彼岸,0,★,よく見る,
takasago,高砂,1,★★,やや珍しい,八重咲き
takato-kohigan,高遠小彼岸桜,0,★,よく見る,
takamatsu-chigo,高松稚児,1,★★,やや珍しい,八重咲き
taguiarashi,類嵐,0,★,よく見る,
tatsugo-satozakura,たつご里桜,1,★★,やや珍しい,半八重咲き
cheju-zakura,済州桜,0,★,よく見る,
chichibuzakura,秩父桜,0,★,よく見る,
chiharazakura,千原桜,3,★★★,珍しい,八重咲き|一本桜・原木
chosyuhizakura,長州緋桜,3,★★★,珍しい,紫紅色の花|半八重咲き
tyoujizakura,チョウジザクラ,0,★,よく見る,
chikushizakura,筑紫桜,0,★,よく見る,
hirano-tsukubane,突羽根（平野突羽根）,3,★★★,珍しい,菊咲き
tsubakikanzakura,椿寒桜,2,★★★,珍しい,一本桜・原木
tsurukikusakura,鶴菊桜,4,★★★★,とても珍しい,濃紅色の花|菊咲き
temari,手毬,1,★★,やや珍しい,八重咲き
tenshiko,天賜香,1,★★,やや珍しい,八重咲き
toukaizakura,東海桜,0,★,よく見る,
tokyo-zakura,東京桜,3,★★★,珍しい,八重咲き|一本桜・原木
togen,桃源,1,★★,やや珍しい,半八重咲き
naito-ohshima,内藤大島,1,★★,やや珍しい,八重咲き
najimazakura,名島桜,5,★★★★,とても珍しい,菊咲き|一本桜・原木
narano-yaezakura,奈良の八重桜,4,★★★★,とても珍しい,八重咲き|国指定天然記念物
nioizakura,匂桜,1,★★,やや珍しい,半八重咲き
nikko-zakura,日光桜,0,★,よく見る,
nidozakura,二度桜,6,★★★★,とても珍しい,八重咲き|国指定天然記念物|一本桜・原木
nodano-osakura,野田の大桜,3,★★★,珍しい,国指定天然記念物
hakusan-hatazakura,白山旗桜,3,★★★,珍しい,半八重咲き|一本桜・原木
hatagasane-ohshima,旗重大島,1,★★,やや珍しい,半八重咲き
hachisuka-zakura,蜂須賀桜,0,★,よく見る,
hatsumiyozakura,初御代桜,0,★,よく見る,
hanakagami,華加賀美,1,★★,やや珍しい,八重咲き
hanagasa,花笠,1,★★,やや珍しい,八重咲き
hanagatami-zakura,花筺桜,2,★★★,珍しい,一本桜・原木
hamaoka-hamazaki,浜岡早咲（仮称）,2,★★★,珍しい,紫紅色の花
hayazaki-yae-ohshima,早咲八重大島,1,★★,やや珍しい,八重咲き
baigoji-juzukakezakura,梅護寺数珠掛桜,8,★★★★★,激レア,菊咲き|国指定天然記念物|一本桜・原木
banrikou,萬里香,1,★★,やや珍しい,八重咲き
hiuchidani-kikuzakura,火打谷菊桜,8,★★★★★,激レア,菊咲き|国指定天然記念物|一本桜・原木
higurashi,日暮,1,★★,やや珍しい,八重咲き
hitachi-miyabi,常陸乙女,1,★★,やや珍しい,八重咲き
hinagikuzakura,雛菊桜（菊枝垂の別種）,5,★★★★,とても珍しい,菊咲き|一本桜・原木
himenosawa,姫の沢,0,★,よく見る,
hiyoshizakura,日吉桜,3,★★★,珍しい,八重咲き|一本桜・原木
hirosaki-sandanzaki,弘前三段咲,1,★★,やや珍しい,八重咲き
pink-wave,ピンク ウェーブ,0,★,よく見る,
pink-cloud,ピンク クラウド,2,★★★,珍しい,紫紅色の花
pink-perfection,ピンク パーフェクション,2,★★★,珍しい,濃紅色の花|八重咲き
first-lady,ファースト レディー,2,★★★,珍しい,紫紅色の花
fuiri-zakura-b,斑入桜（B）,0,★,よく見る,
fukuzaura,福寿桜,7,★★★★★,激レア,紫紅色の花|菊咲き|一本桜・原木
fukurokujyu,福禄寿,1,★★,やや珍しい,八重咲き
fugenzou,普賢象,1,★★,やや珍しい,八重咲き
fusa-zakura,房桜,1,★★,やや珍しい,八重咲き
futakami-zakura,二上山,1,★★,やや珍しい,半八重咲き
funadu-13go,船津13号,1,★★,やや珍しい,半八重咲き
funadu-3go,船津3号,1,★★,やや珍しい,半八重咲き
funabara-yoshino,船原吉野,0,★,よく見る,
fuyu-zakura,冬桜,3,★★★,珍しい,二季咲き（春と秋に開花）
furusatozakura-isyu,古里桜異種,0,★,よく見る,
heishichi-zakura,平七桜,2,★★★,珍しい,紫紅色の花
benigasa,紅傘,1,★★,やや珍しい,八重咲き
beni-shigure,紅時雨,2,★★★,珍しい,濃紅色の花|八重咲き
beni-shidare,紅枝垂,1,★★,やや珍しい,濃紅色の花
beni-tamanishiki,紅玉錦,1,★★,やや珍しい,八重咲き
beni-chochin,紅提灯,2,★★★,珍しい,濃紅色の花|八重咲き
benizuruzakura,紅鶴桜,0,★,よく見る,
beni-demari,紅手毬,1,★★,やや珍しい,八重咲き
beniyutaka,紅豊,2,★★★,珍しい,濃紅色の花|八重咲き
bendono,弁殿,0,★,よく見る,
hoki-zakura,伯耆桜,1,★★,やや珍しい,八重咲き
hozaki-higan-yaezakura,穂咲彼岸八重桜,6,★★★★,とても珍しい,八重咲き|二季咲き（春と秋に開花）|一本桜・原木
hosokawa-nioi,細川匂,1,★★,やや珍しい,半八重咲き
white-fastigiata,ホワイトファスティギアータ,0,★,よく見る,
botan,牡丹,1,★★,やや珍しい,八重咲き
pond-c,ポンドC,0,★,よく見る,
maihime,舞姫,2,★★★,珍しい,八重咲き|品種登録品
mazakura,磨桜,0,★,よく見る,
matsumae,松前,1,★★,やや珍しい,八重咲き
matsumae-aizen,松前愛染,1,★★,やや珍しい,八重咲き
matsumae-usugasanesomei,松前薄重染井,1,★★,やや珍しい,半八重咲き
matsumae-usbenikokonoe,松前薄紅小重,1,★★,やや珍しい,八重咲き
matsumae-kazanin,松前花山院,1,★★,やや珍しい,八重咲き
matsumae-shiraginu,松前白絹,1,★★,やや珍しい,八重咲き
matsumae-hanamiyako,松前花都,1,★★,やや珍しい,八重咲き
matsumae-hayazaki,松前早咲,1,★★,やや珍しい,八重咲き
matsumae-fukujuzakura,松前福寿桜,1,★★,やや珍しい,半八重咲き
matsumae-benihigoromo,松前紅緋衣,3,★★★,珍しい,八重咲き|一本桜・原木
matsumae-benimurasaki,松前紅紫,2,★★★,珍しい,濃紅色の花|八重咲き
matsumae-yaekotobuki,松前八重寿,1,★★,やや珍しい,八重咲き
manaduruzakura,愛鶴桜,2,★★★,珍しい,一本桜・原木
manoga,マノガ,1,★★,やや珍しい,八重咲き
mamezakura,マメザクラ,1,★★,やや珍しい,野生種
mikado-yoshino,御帝吉野,0,★,よく見る,
mikurumagaeshi,御車返し,0,★,よく見る,
mishima-fujizakura,三島藤桜,0,★,よく見る,
mitsukabizakura,三鍬桜,3,★★★,珍しい,八重咲き|一本桜・原木
midorizakura,緑桜,1,★★,やや珍しい,野生種
minakami-taihaku,水上太白,0,★,よく見る,
minobu-zakura,身延桜,0,★,よく見る,
miyabi,雅（プリンセス）,0,★,よく見る,
murasakizakura,紫桜,1,★★,やや珍しい,紫紅色の花
meigetsu,明月,1,★★,やや珍しい,一本桜・原木
mochizukizakura,望月桜,2,★★★,珍しい,一本桜・原木
morioka-shidare,盛岡しだれ,5,★★★★,とても珍しい,国指定天然記念物|一本桜・原木
yaeakebono,八重曙,1,★★,やや珍しい,八重咲き
yaekanhizakura,八重寒緋桜,3,★★★,珍しい,紫紅色の花|八重咲き
yaeno-ohshima,八重の大島,1,★★,やや珍しい,八重咲き
yaenomamezakura,八重の豆桜,1,★★,やや珍しい,八重咲き
yaebeni-ohshima,八重紅大島,3,★★★,珍しい,八重咲き|一本桜・原木
yaebenishidare-sanokei,八重紅枝垂(佐野系）,3,★★★,珍しい,八重咲き|一本桜・原木
yaebeni-toranoo,八重紅虎の尾,1,★★,やや珍しい,八重咲き
yaebeni-higan,八重紅彼岸,1,★★,やや珍しい,八重咲き
yaemiyamazakura,八重深山桜,1,★★,やや珍しい,八重咲き
yaemurasakizakura-koshimizukei,八重紫桜（小清水系）,5,★★★★,とても珍しい,紫紅色の花|八重咲き|一本桜・原木
yakuoji-yae,薬王寺八重,3,★★★,珍しい,八重咲き|一本桜・原木
yatsubusazakura,八房桜,2,★★★,珍しい,一本桜・原木
yamazakura,ヤマザクラ,1,★★,やや珍しい,野生種
yumehagizakura,夢萩桜,1,★★,やや珍しい,八重咲き
youkihi,楊貴妃,1,★★,やや珍しい,八重咲き
yoko,陽光,1,★★,やや珍しい,品種登録品
yousyun,陽春,3,★★★,珍しい,品種登録品|一本桜・原木
yoro-zakura,養老桜,1,★★,やや珍しい,半八重咲き
yokohamahizakura,横浜緋桜,1,★★,やや珍しい,品種登録品
yokowazakura,横輪桜,1,★★,やや珍しい,八重咲き
yonono-yaezakura,予野の八重桜,1,★★,やや珍しい,八重咲き
raikoji-kikuzakura,来迎寺菊桜,8,★★★★★,激レア,菊咲き|国指定天然記念物|一本桜・原木
ranran,蘭蘭,1,★★,やや珍しい,八重咲き
ryuunin-beniyaezakura,龍雲院紅八重桜,1,★★,やや珍しい,半八重咲き
royal-burgundy,ロイヤルバーガンディ,2,★★★,珍しい,濃紅色の花|八重咲き
wakakinosakura,稚木の桜,0,★,よく見る,
washinoo,鷲の尾,0,★,よく見る,
watanabezakura,渡辺桜,1,★★,やや珍しい,八重咲き
wadai,ワダイ,0,★,よく見る,
wabihito,ワビヒト,2,★★★,珍しい,濃紅色の花|八重咲き
aoba,青葉,4,★★★★,とても珍しい,黄緑・緑系の珍しい花色
akatsukizakura,暁桜,1,★★,やや珍しい,半八重咲き
akatsunaden,暁撫弦,1,★★,やや珍しい,八重咲き
akaneyae,茜八重,1,★★,やや珍しい,八重咲き
asagirizakura,朝霧桜,0,★,よく見る,
akihimezakura,秋姫桜,5,★★★★,とても珍しい,半八重咲き|秋冬咲き（10〜12月）|やや多弁（40枚）
akebonozakura,曙桜,0,★,よく見る,
asatsuyuzakura,朝露桜,0,★,よく見る,
asami,浅見,1,★★,やや珍しい,半八重咲き
ashigarazakura,春めき,1,★★,やや珍しい,品種登録品
gekko,月光,4,★★★★,とても珍しい,極早咲き（1〜2月）|新種・新発見
azumahigan,東彼岸,1,★★,やや珍しい,野生種
amedamazakura,雨玉桜,0,★,よく見る,
ayanishiki,綾錦,1,★★,やや珍しい,八重咲き
izayoizakura,十六夜桜,1,★★,やや珍しい,半八重咲き
ishizuchizakura,石鎚桜,0,★,よく見る,
izuzakura,伊豆桜,0,★,よく見る,
izutoizakura,伊豆戸居桜,0,★,よく見る,
itoukomorozakura,伊藤小室桜,0,★,よく見る,
itozakura,糸桜,0,★,よく見る,
ibozakura,疣桜,0,★,よく見る,
imaiichikizakura,今井一木桜,3,★★★,珍しい,菊咲き
imazubenikunzakura,今津紅寒桜,2,★★★,珍しい,極早咲き（1〜2月）
iyokumagai,伊予熊谷,1,★★,やや珍しい,八重咲き
iriaizakura,入会桜,0,★,よく見る,
usuirokanzakura,薄色寒桜,2,★★★,珍しい,極早咲き（1〜2月）
usugeyamazakura,薄毛山桜,0,★,よく見る,
usuzan,薄山,0,★,よく見る,
usubenikunzakura,薄紅寒桜,2,★★★,珍しい,極早咲き（1〜2月）
ubahigan,ウバヒガン,1,★★,やや珍しい,野生種
umaji,ウマジ,0,★,よく見る,
urawa,ウラワ,1,★★,やや珍しい,八重咲き
unnanzakura,ウンナンザクラ,0,★,よく見る,
eishu-zakura,エイシュウザクラ,0,★,よく見る,
ezonogasumizakura,エゾノガスミザクラ,1,★★,やや珍しい,野生種
ezozakura,エゾザクラ,1,★★,やや珍しい,野生種
ezoyamazakura,エゾヤマザクラ,1,★★,やや珍しい,野生種
edohigan-yae,エドヒガンヤエ,1,★★,やや珍しい,八重咲き
etorofuzakura,エトロフザクラ,1,★★,やや珍しい,野生種
eboshizakura,エボシザクラ,0,★,よく見る,
endozakura,エンドウザクラ,0,★,よく見る,
ouchiyama,オオウチヤマ,1,★★,やや珍しい,八重咲き
oookuchoji-zakura,オオオクチョウジザクラ,1,★★,やや珍しい,野生種
ookamezakura,オオカメザクラ,1,★★,やや珍しい,野生種
osaka-fuyuzakura,オオサカフユザクラ,3,★★★,珍しい,二季咲き（春と秋に開花）
oshogun,オオショウクン,1,★★,やや珍しい,八重咲き
osomei,オオソメイ,0,★,よく見る,
oodemari,オオデマリ,1,★★,やや珍しい,八重咲き
oobanamame-zakura,オオバナマメザクラ,1,★★,やや珍しい,野生種
ooyamazakura,オオヤマザクラ,1,★★,やや珍しい,野生種
okamoto-zakura,オカモトザクラ,1,★★,やや珍しい,八重咲き
okinazakura,オキナザクラ,1,★★,やや珍しい,八重咲き
okumiyako,オクミヤコ,1,★★,やや珍しい,八重咲き
oguraya-mazakura,オグラヤマザクラ,1,★★,やや珍しい,野生種
okesa,オケサ,1,★★,やや珍しい,八重咲き
osozaki-oshima,オソザキオオシマ,1,★★,やや珍しい,野生種
otani-yae,オタニヤエ,1,★★,やや珍しい,八重咲き
otomegasumi,オトメガスミ,1,★★,やや珍しい,八重咲き
obizakura,オビザクラ,1,★★,やや珍しい,八重咲き
ontake-mamezakura,オンタケマメザクラ,1,★★,やや珍しい,野生種
gakunanzakura,ガクナンザクラ,1,★★,やや珍しい,野生種
kasazakura,笠桜,1,★★,やや珍しい,八重咲き
kasugai,春日井,0,★,よく見る,
kasumiezoyamazakura,霞蝦夷山桜,0,★,よく見る,
kasumiooyamazakura,霞大山桜,0,★,よく見る,
kamakazezakura,鎌掛桜,1,★★,やや珍しい,八重咲き
kamonokebono,加茂の曙,2,★★★,珍しい,八重咲き|品種登録品
karamizakura,唐実桜,0,★,よく見る,
kariginu,狩衣,1,★★,やや珍しい,八重咲き
kawadzushogatu,河津正月,2,★★★,珍しい,極早咲き（1〜2月）
kawanishizakura,川西桜,0,★,よく見る,
kankaoto,寒花桜桃,2,★★★,珍しい,極早咲き（1〜2月）
kankan,寒寒,2,★★★,珍しい,極早咲き（1〜2月）
kanzakura,寒桜,2,★★★,珍しい,極早咲き（1〜2月）
kanjitsuzakura,寒実桜,2,★★★,珍しい,極早咲き（1〜2月）
kikuzakichoujizakura,菊咲丁子桜,3,★★★,珍しい,菊咲き
kikuzakura,菊桜,8,★★★★★,激レア,菊咲き|一本桜・原木|多弁（140枚以上）
kitanozakura,北の桜,0,★,よく見る,
kichijoji,吉祥寺,0,★,よく見る,
kinashichigozakura,鬼無稚児桜,1,★★,やや珍しい,八重咲き
kibizakura,吉備桜,0,★,よく見る,
kiyosumishidare,清澄枝垂,3,★★★,珍しい,枝垂れ|一本桜・原木
kirigaya,桐ヶ谷,1,★★,やや珍しい,八重咲き
kiritachiyamazakura,切立山桜,0,★,よく見る,
kujootome,九条乙女,1,★★,やや珍しい,八重咲き
kumenosakura,久米の桜,0,★,よく見る,
kumoizakura,雲居桜,0,★,よく見る,
kumogabata,雲ヶ畑,0,★,よく見る,
kumonoe,雲の上,1,★★,やや珍しい,八重咲き
kuramakauzan,鞍馬寒山,1,★★,やや珍しい,八重咲き
kuramanibana,鞍馬二花,0,★,よく見る,
キヌガサ,衣笠,0,★,よく見る,
キリタチヤマザクラ,霧立山桜,3,★★★,珍しい,紫紅色の花|野生種
クモノエ,雲の井,0,★,よく見る,
クラマカンザン,鞍馬関山,2,★★★,珍しい,紫紅色の花
クラマニバナ,鞍馬似花,0,★,よく見る,
クルマドメ,車駐,0,★,よく見る,
クロダヒャクネン,黒田百年,4,★★★★,とても珍しい,紫紅色の花|一本桜・原木
クワジマザクラ,桑島桜,0,★,よく見る,
ゲバザクラ,下馬桜,5,★★★★,とても珍しい,国指定天然記念物|一本桜・原木
ケヤマザクラ,霞桜,0,★,よく見る,
ケンロクエンシキザクラ,兼六園冬桜,3,★★★,珍しい,二季咲き（春と秋に開花）
コウゼンジシロヤエザクラ,光善寺白八重桜,2,★★★,珍しい,一本桜・原木
コウダイジ,高台寺,2,★★★,珍しい,一本桜・原木
コウヨウ,松前紅陽,2,★★★,珍しい,紫紅色の花
コウラン,紅蘭,2,★★★,珍しい,紫紅色の花
コウリン,松前香輪,0,★,よく見る,
コガネイウスベニザクラ,小金井薄紅桜,4,★★★★,とても珍しい,紫紅色の花|一本桜・原木
コシノフクカサネ,越の福かさね,3,★★★,珍しい,二季咲き（春と秋に開花）
コシミズハヤザキ,越水早咲き,0,★,よく見る,
ゴショサコンノサクラ,御所左近の桜,0,★,よく見る,
ゴショミクルマガエシ,御所御車返し,0,★,よく見る,
satsuma-zakura,薩摩桜,3,★★★,珍しい,濃紅色の花|極早咲き（1〜2月）
satsuma-hizakura,薩摩緋桜,4,★★★★,とても珍しい,濃紅色の花|極早咲き（1〜2月）|品種登録品
sanoki-kuzakura,佐野菊桜,4,★★★★,とても珍しい,菊咲き|八重咲き
sanzenki-zakura,三千木桜,1,★★,やや珍しい,半八重咲き
shiokaze-zakura,潮風桜,0,★,よく見る,
shiogama,塩竈,5,★★★★,とても珍しい,変わり咲き|多弁（50枚）
shionobori,塩昇,1,★★,やや珍しい,八重咲き
shikoku-mamezakura,四国豆桜,1,★★,やや珍しい,野生種
shishinden,紫宸殿,0,★,よく見る,
shidaresomei-yoshino,枝垂染井吉野,0,★,よく見る,
shibuya-konno-uzakura,渋谷金王桜,6,★★★★,とても珍しい,半八重咲き|国指定天然記念物|一本桜・原木
shimamachi-kiku-zakura,島町菊桜,5,★★★★,とても珍しい,菊咲き|八重咲き|品種登録品
shimotaga-naden,下多賀納殿,1,★★,やや珍しい,八重咲き
shukugawa-maizakura,夙川舞桜,2,★★★,珍しい,八重咲き|品種登録品
shuzenji-zakura,修禅寺桜,1,★★,やや珍しい,半八重咲き
juniyae,十二単,1,★★,やや珍しい,八重咲き
jurokunichi-zakura,十六日桜,4,★★★★,とても珍しい,八重咲き|秋冬咲き（10〜12月）
junai-gasumi,純愛霞,1,★★,やや珍しい,半八重咲き
jogasaki-zakura,城ヶ崎桜,0,★,よく見る,
jokyoji-temari-zakura,常鏡寺手鞠桜,1,★★,やや珍しい,半八重咲き
shogatsu-zakura,正月桜,3,★★★,珍しい,濃紅色の花|極早咲き（1〜2月）
shoki,鐘馗,0,★,よく見る,
shogetsuj-noozakura,松月寺の大桜,4,★★★★,とても珍しい,八重咲き|国指定天然記念物
shoji-kanzashi,庄司簪,0,★,よく見る,
shofukuji,正福寺,1,★★,やや珍しい,半八重咲き
shofukuji-shidare,正福寺枝垂,1,★★,やや珍しい,半八重咲き
shohoji-kikuzakura,正法寺菊桜,6,★★★★,とても珍しい,菊咲き|八重咲き|一本桜・原木
ジョウキョウジテマリザクラ,浄教寺手鞠桜,0,★,よく見る,
シラクモ,白雲,0,★,よく見る,
シラツユ,白露,2,★★★,珍しい,紫紅色の花
シラハマイコナ,白浜伊古奈,5,★★★★,とても珍しい,紫紅色の花|極早咲き（1〜2月）|品種登録品
シロウスガサネ,白薄重,0,★,よく見る,
シロヒガン,江戸彼岸,0,★,よく見る,
シロヤマザクラ,白山桜,0,★,よく見る,
シンエイザクラ,信英桜,1,★★,やや珍しい,野生種
シンデン,心田,0,★,よく見る,
シンニシキ,新錦,4,★★★★,とても珍しい,黄緑・緑系の珍しい花色
スザク,朱雀,2,★★★,珍しい,紫紅色の花
スパイアー,スパイアー,0,★,よく見る,
スミゾメ,墨染,0,★,よく見る,
takamorikojo,高森古城,0,★,よく見る,
takiko,滝香,1,★★,やや珍しい,半八重咲き
takinioi,滝匂,1,★★,やや珍しい,半八重咲き
takeshima,竹島,1,★★,やや珍しい,半八重咲き
tachihigan,立彼岸,0,★,よく見る,
tatsuzakura,立桜,0,★,よく見る,
tamagaki,松前玉垣,1,★★,やや珍しい,八重咲き
tamanawa-zakura,玉縄桜,0,★,よく見る,
tamanohoshi-zakura,玉の星桜,5,★★★★,とても珍しい,黄緑・緑系の珍しい花色|八重咲き
dainagon-kikuzakura,大納言菊桜,3,★★★,珍しい,菊咲き
daimin,大明,1,★★,やや珍しい,八重咲き
dairino-sakura,内裏の桜,1,★★,やや珍しい,八重咲き
danchi-oto,檀智桜桃,0,★,よく見る,
chishima-zakura,千島桜,0,★,よく見る,
chichibu-benishidare,秩父紅枝垂,0,★,よく見る,
chuzenji-zakura,中禅寺桜,4,★★★★,とても珍しい,八重咲き|秋冬咲き（10〜12月）
choshoin-hatazakura,長勝院旗桜,3,★★★,珍しい,八重咲き|一本桜・原木
choryo,長良,5,★★★★,とても珍しい,黄緑・緑系の珍しい花色|八重咲き
tsukihashi-kikuzakura,月橋菊桜,6,★★★★,とても珍しい,菊咲き|一本桜・原木|やや多弁（20枚）
tsukushi-yamazakura,筑紫山桜,0,★,よく見る,
tegara-zakura,手柄桜,2,★★★,珍しい,一本桜・原木
tennin-fuji,天人藤,1,★★,やや珍しい,八重咲き
torano-o,虎の尾,1,★★,やや珍しい,八重咲き
dobakanza,道場勘山,1,★★,やや珍しい,八重咲き
nagae-yae,長枝八重,1,★★,やや珍しい,八重咲き
nagasaki-zakura,長崎桜,5,★★★★,とても珍しい,紫紅色の花|八重咲き|一本桜・原木
nadeshiko-zakura,撫子桜,1,★★,やや珍しい,八重咲き
nanamori-zakura,七曲桜,2,★★★,珍しい,紫紅色の花
naniwa-zakura,難波桜,1,★★,やや珍しい,半八重咲き
チョウリョウ,潮陵,0,★,よく見る,
ツキハシキクザクラ,槻橋菊桜,2,★★★,珍しい,一本桜・原木
ツクバネ,突羽根,2,★★★,珍しい,紫紅色の花
ツルギオリトキクザクラ,剱折戸菊桜,2,★★★,珍しい,一本桜・原木
テンニンフジ,天人富士,0,★,よく見る,
トウインヤエヤマザクラ,東員八重山桜,3,★★★,珍しい,国指定天然記念物
ドウバカンザン,銅葉関山,2,★★★,珍しい,紫紅色の花
ナガエヤエ,長柄八重,0,★,よく見る,
ナガサキザクラ,長咲桜,2,★★★,珍しい,紫紅色の花
ナナモリザクラ,七盛桜,2,★★★,珍しい,紫紅色の花
ナルサワザクラ,鳴沢桜,0,★,よく見る,
ナラノココノエザクラ,奈良の九重桜,2,★★★,珍しい,紫紅色の花
ニシナザオウ,仁科蔵王,4,★★★★,とても珍しい,黄緑・緑系の珍しい花色
ニシナオトメ,仁科乙女,2,★★★,珍しい,紫紅色の花
ニシナコマチ,仁科小町,2,★★★,珍しい,紫紅色の花
ニシナハルカ,仁科春果,2,★★★,珍しい,紫紅色の花
ニシノミヤゴンゲンタイラザクラ,西宮権現平桜,0,★,よく見る,
ニソンインフケンゾウ,二尊院普賢象,2,★★★,珍しい,紫紅色の花
ニュウゼンオトメキクザクラ,入善乙女キクザクラ,2,★★★,珍しい,一本桜・原木
ニョゼザクラ,如是桜,0,★,よく見る,
ノナカノサクラ,野中桜,7,★★★★★,激レア,紫紅色の花|国指定天然記念物|一本桜・原木
ノノミヤ,野々宮,2,★★★,珍しい,紫紅色の花
ハクサン1ゴウ,白山１号,0,★,よく見る,
ハクサンオオデマリ,白山大手毬,0,★,よく見る,
ハクチョウ,白鳥,0,★,よく見る,
ハクホウザクラ,白鳳桜,0,★,よく見る,
ハクホウ,白峰,2,★★★,珍しい,紫紅色の花
ハコダテニオイ,函館匂,0,★,よく見る,
ハコネザクラ,豆桜,0,★,よく見る,
ハシタテキクザクラ,橋立菊桜,2,★★★,珍しい,一本桜・原木
ハセフ,長谷府,0,★,よく見る,
ハタザクラ,旗桜,0,★,よく見る,
ハッテンザクラ,八天桜,0,★,よく見る,
ハナカゴト,花香琴,0,★,よく見る,
ハナシホウ,花司峰,0,★,よく見る,
ハヤシ1ゴウ,林１号,0,★,よく見る,
ハヤシ2ゴウ,林２号,2,★★★,珍しい,紫紅色の花
ハンベイシロベニザクラ,半兵衛白紅桜,2,★★★,珍しい,一本桜・原木
ヒゴヨシノ,肥後吉野,2,★★★,珍しい,一本桜・原木
ヒザクラ,緋桜,2,★★★,珍しい,紫紅色の花
ヒナハチジョウ,雛八丈桜,2,★★★,珍しい,紫紅色の花
ヒマラヤザクラ,ヒマラヤ桜,4,★★★★,とても珍しい,秋冬咲き（10〜12月）|野生種
ヒマラヤヒザクラ,ヒマラヤ緋桜,2,★★★,珍しい,紫紅色の花
ヒミクヅロキクザクラ,氷見久津呂菊桜,4,★★★★,とても珍しい,紫紅色の花|一本桜・原木
ヒメタカサゴ,姫高砂,0,★,よく見る,
ヒメミドリザクラ,姫緑桜,0,★,よく見る,
ヒュペヘンシス,ヒュペヘンシス,0,★,よく見る,
ヒラノニオイ,平野匂,0,★,よく見る,
ヒラノネザメ,平野寝覚,0,★,よく見る,
ヒロシマエバヤマザクラ,広島江波山桜,5,★★★★,とても珍しい,国指定天然記念物|一本桜・原木
フイリシダレ,斑入り枝垂,0,★,よく見る,
beniyaesomeiyoshino,紅八重染井吉野,1,★★,やや珍しい,八重咲き
beniyamazakura,紅山桜,1,★★,やや珍しい,野生種
beniyoshino,紅吉野,0,★,よく見る,
houmyouji,豊明寺,1,★★,やや珍しい,半八重咲き
houraizakura,蓬莱桜,1,★★,やや珍しい,八重咲き
houraisan,蓬莱山,1,★★,やや珍しい,八重咲き
hourinji,法輪寺,1,★★,やや珍しい,八重咲き
hokuenzakura,北苑桜,1,★★,やや珍しい,八重咲き
hokutotakasago,北斗高砂,1,★★,やや珍しい,半八重咲き
hoshizakura,星桜,0,★,よく見る,
hotate,帆立,0,★,よく見る,
horiihizakura,堀井緋桜,1,★★,やや珍しい,半八重咲き
honseijikogikuzakura,本誓寺小菊桜,3,★★★,珍しい,菊咲き
honseijishidare,本誓寺枝垂,3,★★★,珍しい,八重咲き|一本桜・原木
bonborizakura,雪洞桜,1,★★,やや珍しい,半八重咲き
machimura,待村桜,1,★★,やや珍しい,八重咲き
matsuhimezakura,松姫桜,0,★,よく見る,
matsumaeakane,松前茜,1,★★,やや珍しい,八重咲き
matsumaeavanishiki,松前綾錦,1,★★,やや珍しい,八重咲き
matsumaearatama,松前新玉,1,★★,やや珍しい,八重咲き
matsumaekorin,松前紅鱗,1,★★,やや珍しい,八重咲き
matsumaekoitozakura,松前琴糸桜,2,★★★,珍しい,濃紅色の花|八重咲き
matsumaeokoyuki,松前小雪,1,★★,やや珍しい,八重咲き
matsumaesasameyuki,松前笹目雪,1,★★,やや珍しい,八重咲き
matsumaesarasa,松前更紗,1,★★,やや珍しい,八重咲き
matsumaeoshizuka,松前静,1,★★,やや珍しい,八重咲き
matsumaeshirasagi,松前白鷺,1,★★,やや珍しい,八重咲き
matsumaeshirobotan,松前白牡丹,1,★★,やや珍しい,八重咲き
matsumaesekimori,松前関守,1,★★,やや珍しい,八重咲き
matsumaefuki,松前深紅,1,★★,やや珍しい,八重咲き
matsumaefukuzakura,松前福桜,1,★★,やや珍しい,八重咲き
matsumae-beni-usome,松前紅染,1,★★,やや珍しい,八重咲き
matsumae-benigasa,松前紅笠,1,★★,やや珍しい,八重咲き
matsumae-beni-kosode,松前紅小袖,1,★★,やや珍しい,八重咲き
matsumae-beni-botan,松前紅牡丹,2,★★★,珍しい,濃紅色の花|八重咲き
matsumae-yae-goromo,松前八重衣,1,★★,やや珍しい,八重咲き
matsumae-yuen,松前幽艶,1,★★,やや珍しい,八重咲き
mani-yae-yamazakura,真仁八重山桜,1,★★,やや珍しい,八重咲き
maruyama,丸山,1,★★,やや珍しい,半八重咲き
mishima-zakura,三島桜,0,★,よく見る,
mishima-taki-nioi,三島滝匂,0,★,よく見る,
mizutama-zakura,水玉桜,1,★★,やや珍しい,八重咲き
misumi-ohira-zakura,三角大平桜,4,★★★★,とても珍しい,半八重咲き|国指定天然記念物
midono-yae,三殿野八重,1,★★,やや珍しい,八重咲き
midori-kinki-mame-zakura,緑近畿豆桜,4,★★★★,とても珍しい,黄緑・緑系の珍しい花色
midori-yoshino,緑吉野,4,★★★★,とても珍しい,黄緑・緑系の珍しい花色
minami-zakura,南桜,1,★★,やや珍しい,野生種
mine-zakura,峰桜,1,★★,やや珍しい,野生種
miyano-hina-zakura,宮野雛桜,2,★★★,珍しい,八重咲き|品種登録品
miyama-zakura,深山桜,1,★★,やや珍しい,野生種
meg-zakura,目具桜,0,★,よく見る,
mejiro-zakura,目白桜,0,★,よく見る,
moniwa-zakura,茂庭桜,1,★★,やや珍しい,半八重咲き
yae-zaki-yamahigan,八重咲き山彼岸,1,★★,やや珍しい,八重咲き
yae-no-oyama-zakura,八重のオオヤマ桜,1,★★,やや珍しい,八重咲き
yae-no-sakon,八重の左近,1,★★,やや珍しい,八重咲き
yae-yamakoshi,八重山越,1,★★,やや珍しい,八重咲き
yae-yamazakura,八重山桜,1,★★,やや珍しい,八重咲き
マンゲツ,満月,0,★,よく見る,
ミシマフジミザクラ,三島富士見桜,0,★,よく見る,
ミスミオオヒラザクラ,三隅大平桜,0,★,よく見る,
ミダレユキ,乱雪,0,★,よく見る,
ミドノヤエ,水土野八重,0,★,よく見る,
ミナカミ,水上,0,★,よく見る,
ミナトザクラ,湊桜,2,★★★,珍しい,紫紅色の花
ミヤコニシキ,都錦,0,★,よく見る,
ミヤノヒナザクラ,宮の雛桜,0,★,よく見る,
ミヤマチョウジザクラ,深山丁子桜,0,★,よく見る,
ムシャザクライデンケン,ムシャザクラ（遺伝研の株）,0,★,よく見る,
メグザクラ,萌紅桜,0,★,よく見る,
ヤエムラサキザクラ,八重紫桜,2,★★★,珍しい,紫紅色の花
ヤエヤマコシ,八重山古志,2,★★★,珍しい,紫紅色の花
ヤダケムラサキ,矢岳紫,2,★★★,珍しい,紫紅色の花
ヤチヨ,八千代,0,★,よく見る,
ヤツセニオイ,八瀬匂,0,★,よく見る,
ヤヒコ,雛菊桜,2,★★★,珍しい,一本桜・原木
ヤブザクラ,藪桜,0,★,よく見る,
ヤマトニシキ,大和錦,2,★★★,珍しい,紫紅色の花
ヤマヒガン,ヤマヒガン,0,★,よく見る,
ヤヨイタカサゴ,弥生高砂,2,★★★,珍しい,一本桜・原木
ユウエン,松前優艶,0,★,よく見る,
ユウガ,松前優雅,0,★,よく見る,
ユウグレ,夕暮,0,★,よく見る,
ユウバエガスミ,夕映霞,0,★,よく見る,
ユゲ,弓削,0,★,よく見る,
ヨウドウザクラ,揚道桜,0,★,よく見る,
ヨサノアキコ,与謝野晶子,1,★★,やや珍しい,濃紅色の花
ヨシノシダレ,吉野枝垂,0,★,よく見る,
リュウウンインベニヤエ,龍雲院紅八重,4,★★★★,とても珍しい,紫紅色の花|一本桜・原木
リンポウザクラ,林宝桜,0,★,よく見る,
ワカナニッコウザクラ,若名日光桜,0,★,よく見る,
ワカムシャザクラ,若武者桜,0,★,よく見る,
ワセヤマザクラ,早生山桜,0,★,よく見る,
ワセヨシノ,早生吉野,0,★,よく見る,
angyo-zakura,安行桜,0,★,よく見る,
inu-zakura,犬桜,0,★,よく見る,
uwamizu-zakura,上溝桜,0,★,よく見る,
edo-zakura,江戸桜,1,★★,やや珍しい,八重咲き
edohigan-zakura,江戸彼岸桜,0,★,よく見る,
suzaku-zakura,朱雀桜,0,★,よく見る,
niwa-zakura,庭桜,1,★★,やや珍しい,八重咲き
higan-zakura,彼岸桜,0,★,よく見る,
fuji-shidare-zakura,富士枝垂桜,1,★★,やや珍しい,枝垂れ
miyabi-zakura,雅桜,0,★,よく見る,
ryukyu-kanhizakura,琉球寒緋桜,2,★★★,珍しい,紫紅色の花
koba-zakura,小葉桜,3,★★★,珍しい,二季咲き（春と秋に開花）
koshi-no-higan,越の彼岸,3,★★★,珍しい,国指定天然記念物
choji-mame-zakura,チョウジマメザクラ,1,★★,やや珍しい,野生種
oneyama-zakura,オネヤマザクラ,1,★★,やや珍しい,野生種
miyama-kasumi-zakura,深山霞桜,1,★★,やや珍しい,野生種
shinei-zakura,晋栄桜,1,★★,やや珍しい,野生種
kashio-zakura,樫尾桜,1,★★,やや珍しい,野生種
imajuku-zakura,今宿桜,0,★,よく見る,
iwai-zakura,祝桜,1,★★,やや珍しい,八重咲き
oshiba-yama,大芝山,1,★★,やや珍しい,八重咲き
kuruma-dome,車止め,1,★★,やや珍しい,八重咲き
koenji-shiro-yae-zakura,高円寺白八重桜,1,★★,やや珍しい,八重咲き
goten-nioi,御殿匂,1,★★,やや珍しい,八重咲き
kongo-zan,金剛山,1,★★,やや珍しい,八重咲き
sho-nanden,正南殿,1,★★,やや珍しい,八重咲き
sendai-shidare,仙台枝垂,2,★★★,珍しい,八重咲き|枝垂れ
haku-kasan,白花山,1,★★,やや珍しい,八重咲き
fuku-zakura,福桜,1,★★,やや珍しい,八重咲き
fudan-zakura,不断桜,3,★★★,珍しい,二季咲き（春と秋に開花）
beni-gasa,紅笠,1,★★,やや珍しい,八重咲き
hokuhо,北方,1,★★,やや珍しい,八重咲き
ma-zakura,真桜,0,★,よく見る,
matsumae-oshima,松前大島,1,★★,やや珍しい,八重咲き
matsumae-fuki,松前風杏,1,★★,やや珍しい,八重咲き
mikkabi-zakura,三ヶ日桜,0,★,よく見る,
yae-nioi,八重匂,1,★★,やや珍しい,八重咲き
yadake-murasaki,矢竹紫,3,★★★,珍しい,紫紅色の花|八重咲き
hatsu-yuki-zakura,初雪桜,0,★,よく見る,
ke-ezo-yamazakura,毛蝦夷山桜,0,★,よく見る,
kirifuri-zakura,霧降桜,1,★★,やや珍しい,八重咲き
kuchinashi-zakura,梔子桜,1,★★,やや珍しい,八重咲き
sodo-zakura,総道桜,0,★,よく見る,
raikoji-kiku-zakura,頼光寺菊桜,6,★★★★,とても珍しい,菊咲き|国指定天然記念物
yamagoshi-murasaki,山越紫,5,★★★★,とても珍しい,紫紅色の花|八重咲き|一本桜・原木
yama-mochizuki-zakura,山望月桜,0,★,よく見る,
okusai-zakura,大草井桜,0,★,よく見る,
shidare-okusai-zakura,枝垂大草井桜,1,★★,やや珍しい,枝垂れ
katte-zakura,勝手桜,0,★,よく見る,
somei-nioi,染井匂,0,★,よく見る,
shira-taki-zakura,白滝桜,2,★★★,珍しい,八重咲き|枝垂れ
shira-tama,白玉,0,★,よく見る,
tomoe-zakura,巴桜,0,★,よく見る,
shojo,猩々,0,★,よく見る,
myojo,明星,0,★,よく見る,
buko-mame-zakura,武甲豆桜,0,★,よく見る,
manazuru-zakura,真鶴桜,0,★,よく見る,
yaeno-oshima-zakura,八重大島桜,1,★★,やや珍しい,八重咲き
yaeno-kasumi-zakura,八重霞桜,1,★★,やや珍しい,八重咲き
kikuzaki-okuchoji-zakura,菊咲奥丁字桜,3,★★★,珍しい,菊咲き
hatsumiyo-zakura,初巳桜,2,★★★,珍しい,極早咲き（1〜2月）
risshun-kanzakura,立春寒桜,2,★★★,珍しい,極早咲き（1〜2月）
beni-nanden,紅南殿,3,★★★,珍しい,国指定天然記念物
saiho-ji-zakura,西方寺桜,1,★★,やや珍しい,八重咲き
wakaki-no-sakura,若木の桜,0,★,よく見る,
taki-no-sakura,滝の桜,1,★★,やや珍しい,枝垂れ
kohoku-nioi,江北匂,0,★,よく見る,
matsumae-usubeni-kokonoe,松前薄紅九重,1,★★,やや珍しい,八重咲き
shidare-oyama-zakura,枝垂大山桜,1,★★,やや珍しい,枝垂れ
kaba-zakura,樺桜,0,★,よく見る,
takane-oyama-zakura,高嶺大山桜,0,★,よく見る,
zenshoji-kiku-zakura,善照寺菊桜,3,★★★,珍しい,菊咲き
snow-goose,スノーグース,0,★,よく見る,
spire,スパイア,0,★,よく見る,
dawyck-zakura,ドーウィック桜,0,★,よく見る,
siebold-zakura,シーボルト桜,1,★★,やや珍しい,半八重咲き
kurama-yama,鞍馬山,1,★★,やや珍しい,八重咲き
rosy-cloud,ロージークラウド,1,★★,やや珍しい,八重咲き
hirtipes-zakura,ヒルティペス桜,0,★,よく見る,
kursar,クルサー,1,★★,やや珍しい,濃紅色の花
kojo-no-mai,小城の舞,0,★,よく見る,
autumnalis-rosea,オータムナリスロゼア,4,★★★★,とても珍しい,半八重咲き|二季咲き（春と秋に開花）
asano,浅野,6,★★★★,とても珍しい,菊咲き|多弁（100枚以上）
seiyomizakura,西洋実桜,0,★,よく見る,
rokkoukikuzakura,六高菊桜,8,★★★★★,激レア,紫紅色の花|菊咲き|多弁（130枚以上）
kiccho,吉兆,3,★★★,珍しい,極早咲き（1〜2月）|品種登録品
haruka,はるか,2,★★★,珍しい,八重咲き|品種登録品
hitachi-miyabi-zakura,ひたち雅,2,★★★,珍しい,八重咲き|やや多弁（44枚）
afterglow,アフターグロウ,0,★,よく見る,
higan-dai-zakura,彼岸台桜,0,★,よく見る,
hiyodorizakura,鵯桜,4,★★★★,とても珍しい,濃紅色の花|菊咲き
hirosaki-yukiakari,弘前雪明かり,1,★★,やや珍しい,八重咲き
fuiri-shidare-zakura,斑入り枝垂桜,0,★,よく見る,
fujizakura-ohaku-chirifu,富士桜 黄白散斑,1,★★,やや珍しい,八重咲き
pusilliflora-yunnanensis,プシリフローラ × ユンナエンシス？,0,★,よく見る,
benibana-koubon-outou,紅花高盆桜桃,3,★★★,珍しい,紫紅色の花|八重咲き
hoshu-zakura,宝珠桜,1,★★,やや珍しい,八重咲き
hokusai,ホクサイ,1,★★,やや珍しい,八重咲き
hokusai-isyu,ホクサイ異種,0,★,よく見る,
hokuho,北鵬,1,★★,やや珍しい,八重咲き
hosokawa-beni,ホソカワベニ,0,★,よく見る,
masuyama,増山,1,★★,やや珍しい,八重咲き
matsumae-osio,松前大潮,1,★★,やや珍しい,八重咲き
matsumae-hanazomei,松前花染衣,1,★★,やや珍しい,八重咲き
matsumae-benitamae,松前紅珠恵,1,★★,やや珍しい,八重咲き
mishoumumei-imose729,実生無名（妹背729実生）,1,★★,やや珍しい,半八重咲き
mishoumumei-imose730,実生無名（妹背730実生）,1,★★,やや珍しい,半八重咲き
mishoumumei-oushusatozakura1224,実生無名（奥州里桜1224実生）,1,★★,やや珍しい,半八重咲き
mishoumumei-matsumaeyaekotobuki869,実生無名（松前八重寿869実生）,1,★★,やや珍しい,半八重咲き
mishoumumei-mikurumagaeshi270,実生無名（御車返し270実生）,0,★,よく見る,
myoshoji,明正寺,2,★★★,珍しい,一本桜・原木
myotoku-jigenzakura,明徳慈眼桜,0,★,よく見る,
mushazakura,霧社桜,0,★,よく見る,
morikomachi,森小町,1,★★,やや珍しい,半八重咲き
