spot_id,spot_name,varieties_before,varieties_after,added_high,added_medium,rejected_medium,source_batch
walker-ar0101e25532,円山公園の桜(北海道),3,3,,,,result_000
walker-ar0101e536782,旭山記念公園の桜,2,2,,,,result_000
walker-ar0101e537845,中島公園の桜,1,1,,,,result_000
walker-ar0101e537272,新川さくら並木の桜,3,3,,,,result_000
walker-ar0101e25533,モエレ沼公園サクラの森の桜,2,2,,,,result_000
walker-ar0101e60097,北海道立真駒内公園の桜,2,2,,,,result_000
walker-ar0101e60101,五稜郭公園の桜,2,2,,,,result_000
walker-ar0101e60118,函館公園の桜,2,2,,,,result_000
walker-ar0101e60098,小樽公園の桜,1,2,ezoyamazakura,,,result_000
walker-ar0101e60090,旭山公園の桜,5,5,,,,result_000
walker-ar0101e100948,うらかわ千本桜　優駿さくらロード,1,1,,,,result_000
walker-ar0101e23376,二十間道路桜並木の桜,4,4,,,,result_000
walker-ar0207e25692,三春滝桜,4,4,,,,result_000
walker-ar0313e25833,千鳥ヶ淵緑道の桜,7,8,azumahigan,,,result_000
walker-ar0313e25849,目黒川の桜,4,4,,,,result_000
walker-ar0729e60635,吉野山(上千本)の桜,3,3,,,,result_000
walker-ar0313e25817,上野恩賜公園の桜,21,21,,,,result_000
walker-ar0727e26137,大阪城公園の桜,6,6,,,,result_000
walker-ar0420e25997,高遠城址公園の桜,6,6,,,,result_000
walker-ar0204e25611,柴田町船岡城址公園の桜,3,3,,,,result_000
walker-ar0205e60527,角館武家屋敷通りの桜,1,1,,,,result_000
walker-ar0833e26234,醍醐桜,1,1,,,,result_000
walker-ar0101e60114,春採公園の桜,5,5,,,,result_000
walker-ar0101e60096,帯広市緑ケ丘公園の桜,3,3,,,,result_000
walker-ar0101e60103,苫小牧市緑ヶ丘公園の桜,2,2,,,,result_000
walker-ar0101e25556,美唄市東明公園の桜,4,4,,,,result_000
walker-ar0101e60100,芦別市旭ケ丘公園の桜,1,1,,,,result_000
walker-ar0101e60115,弥生公園の桜,1,1,,,,result_000
walker-ar0101e25540,清隆寺の桜,1,1,,,,result_000
walker-ar0101e60104,登別桜並木の桜,2,2,,,,result_000
walker-ar0101e25553,有珠善光寺自然公園の桜,2,3,oshimazakura,,,result_000
walker-ar0101e60117,松前藩戸切地(へきりち)陣屋跡桜並木トンネル,3,3,,,,result_000
walker-ar0101e216009,清川千本桜,1,2,ooyamazakura,,,result_000
walker-ar0101e60112,光善寺(血脈桜)の桜,6,7,matsumae-hayazaki,,,result_000
walker-ar0101e60102,青葉ヶ丘公園の桜,2,2,,,,result_000
walker-ar0101e60116,オニウシ公園の桜,2,2,,,,result_000
walker-ar0101e60110,さらんべ公園の桜,2,2,,,,result_000
walker-ar0101e60106,奈井江町にわ山森林自然公園の桜,3,3,,,,result_000
walker-ar0101e60099,栗山公園の桜,2,2,,,,result_000
walker-ar0101e60113,北竜町金比羅公園の桜,1,1,,,,result_000
walker-ar0101e180120,パレットヒルズの桜,2,2,,,,result_000
walker-ar0101e60108,洞爺湖畔の桜,2,2,,,,result_000
walker-ar0101e60109,安平町鹿公園の桜,1,1,,,,result_000
walker-ar0101e60111,神楽岡公園の桜,2,2,,,,result_000
walker-ar0101e60105,えりも町庶野さくら公園の桜,1,1,,,,result_000
walker-ar0101e25549,別保公園の桜,1,1,,,,result_000
walker-ar0202e25561,合浦公園の桜,2,3,,ukon,,result_000
walker-ar0202e25564,三八城公園の桜,1,1,,,,result_000
walker-ar0202e25565,八戸公園の桜,2,2,,,,result_000
walker-ar0202e60351,東公園さくら山の桜,2,2,,,,result_000
walker-ar0202e25571,県立芦野公園の桜,2,2,,,,result_001
walker-ar0202e25566,十和田市官庁街通り(駒街道)の桜,4,4,,,,result_001
walker-ar0202e25570,猿賀公園の桜,3,3,,,,result_001
walker-ar0202e25572,愛宕公園の桜(青森県),1,2,,edohigan,,result_001
walker-ar0202e25578,いちょう公園の桜,7,7,,,,result_001
walker-ar0207e25698,日中線しだれ桜並木,1,1,,,,result_001
walker-ar0204e25610,白石川堤一目千本桜,4,4,,,,result_001
walker-ar0207e25668,鶴ヶ城公園の桜,5,5,,,,result_001
walker-ar0202e25573,国史跡三戸城跡城山公園の桜,2,2,,,,result_001
walker-ar0203e25579,盛岡城跡公園(岩手公園)の桜,4,7,edohigan|ooyamazakura|someiyoshino,,,result_001
walker-ar0203e25580,高松公園の桜,3,3,,,,result_001
walker-ar0203e25581,石割桜,3,4,edohigan,,,result_001
walker-ar0203e25600,米内浄水場の桜,3,4,yaebenishidare-sanokei,,,result_001
walker-ar0203e100218,盛岡市動物公園ZOOMOの桜,3,6,someiyoshino|edohigan-zakura|ooyamazakura,,,result_001
walker-ar0203e25582,碁石海岸の桜,4,4,,,,result_001
walker-ar0203e25584,花巻温泉の桜,1,2,shidarezakura,,,result_001
walker-ar0203e25585,北上展勝地の桜,2,2,,,,result_001
walker-ar0203e25586,遠野福泉寺の桜,1,1,,,,result_001
walker-ar0203e25587,鍋倉公園の桜,5,9,washinoo|fugenzou|taizanfukun|shogetsu,,,result_001
walker-ar0203e25589,厳美渓の桜,4,4,,,,result_001
walker-ar0203e25598,室根山 蟻塚公園の桜,1,2,edohigan,,,result_001
walker-ar0203e60186,舘山公園の桜,1,1,,,,result_001
walker-ar0203e60362,釣山公園の桜,3,3,,,,result_001
walker-ar0203e25591,唐丹町本郷の桜,1,1,,,,result_001
walker-ar0203e25583,水沢公園の桜,4,4,,,,result_001
walker-ar0203e25596,お物見公園の桜,8,8,,,,result_001
walker-ar0203e404311,歴史公園えさし藤原の郷の桜,2,2,,,,result_001
walker-ar0203e25592,小岩井農場の桜,3,3,,,,result_001
walker-ar0203e25593,弘法桜,2,2,,,,result_001
walker-ar0203e25594,雫石川園地の桜並木,1,1,,,,result_001
walker-ar0203e25595,紫波城山公園の桜,1,3,edohigan|yamazakura,,,result_001
walker-ar0203e25597,西行桜の森,5,5,,,,result_001
walker-ar0203e60503,中尊寺の桜,1,1,,,,result_001
walker-ar0203e60504,毛越寺の桜,1,1,,,,result_001
walker-ar0203e60505,達谷窟毘沙門堂の桜,3,3,,,,result_001
walker-ar0203e60524,平泉町内県道300号線の桜並木,1,1,,,,result_001
walker-ar0204e25601,西公園の桜(宮城県),1,3,edohigan|yamazakura,,,result_001
walker-ar0204e25603,青葉山公園(仙台城跡)の桜,4,4,,,,result_001
walker-ar0204e536772,仙台東照宮の桜,1,3,yamazakura|shidarezakura,,,result_001
walker-ar0204e537271,錦町公園の桜,2,2,,,,result_001
walker-ar0204e25604,榴岡公園の桜,1,13,edohigan-zakura|yamazakura|kanzan|oshimazakura|jugatsu-zakura|kasumizakura|gyoikou|yaebenishidare-sanokei|ukon|ooyamazakura|omurazakura|edo,,,result_001
walker-ar0204e25602,三神峯公園の桜,3,3,,,,result_001
walker-ar0204e25619,県立自然公園旭山の桜,1,4,yamazakura|ooyamazakura|shidarezakura,,,result_001
walker-ar0204e60529,日和山公園の桜(宮城県),2,4,shidarezakura|yamazakura,,,result_001
walker-ar0204e60530,牡鹿半島 金華山の桜,2,3,shiogama,,,result_001
walker-ar0204e25606,志波彦神社 鹽竈神社の桜,5,5,,,,result_001
walker-ar0204e25609,白石城本丸広場の桜,4,4,,,,result_001
walker-ar0204e60531,御本丸公園の桜(宮城県),1,2,shidarezakura,,,result_001
walker-ar0204e60532,国営みちのく杜の湖畔公園の桜(ソメイヨシノ),2,4,yamazakura|shidarezakura,,,result_001
walker-ar0204e25612,西行戻しの松公園の桜,1,1,,,,result_001
walker-ar0204e60135,大衡城跡公園の桜,1,1,,,,result_002
walker-ar0204e60136,大衡中央公園の桜,1,1,,,,result_002
walker-ar0204e25613,薬莱山の桜,1,1,,,,result_002
walker-ar0204e25617,城山公園の桜(宮城県),1,2,yamazakura,,,result_002
walker-ar0205e25625,千秋公園の桜,2,2,,,,result_002
walker-ar0205e25626,能代公園の桜,1,1,,,,result_002
walker-ar0205e25633,きみまち阪県立自然公園の桜,1,1,,,,result_002
walker-ar0205e25627,横手公園の桜,1,1,,,,result_002
walker-ar0205e25642,真人公園の桜,3,3,,,,result_002
walker-ar0205e60142,大館市ベニヤマ自然パークの桜,2,2,,,,result_002
walker-ar0205e25631,前森公園の桜,1,1,,,,result_002
walker-ar0205e25630,本荘公園の桜,1,1,,,,result_002
walker-ar0205e60177,八塩いこいの森の桜,2,3,kanzan,,,result_002
walker-ar0205e60185,かすみ温泉のかすみ桜,1,1,,,,result_002
walker-ar0205e461612,なかせん千本桜,1,1,,,,result_002
walker-ar0205e25641,鷹巣中央公園の桜,1,1,,,,result_002
walker-ar0205e587394,南極公園の桜,1,1,,,,result_002
walker-ar0205e60526,桧木内川堤の桜,1,1,,,,result_002
walker-ar0205e60183,御所の台ふれあいパークの桜,1,1,,,,result_002
walker-ar0205e25636,日本国花苑の桜,4,5,,oshimazakura,,result_002
walker-ar0205e25637,桜・菜の花ロードの桜,4,4,,,,result_002
walker-ar0206e60363,馬見ヶ崎さくらラインの桜,1,1,,,,result_002
walker-ar0206e60534,霞城公園の桜,5,5,,,,result_002
walker-ar0206e25645,松が岬公園の桜,1,1,,,,result_002
walker-ar0206e25646,鶴岡公園の桜,7,7,,,,result_002
walker-ar0206e25647,大山公園の桜(山形県),1,3,someiyoshino|shidarezakura,,,result_002
walker-ar0206e25661,あつみ温泉 温海川河畔の桜,1,1,,,,result_002
walker-ar0206e60168,玉川寺の桜,1,4,shidarezakura|kasumizakura|yamazakura,,,result_002
walker-ar0206e25649,最上公園の桜,2,2,,,,result_002
walker-ar0206e25650,寒河江公園の桜,1,4,someiyoshino|yamazakura|oshimazakura,,,result_002
walker-ar0206e25651,御幸公園の桜,1,1,,,,result_002
walker-ar0206e25652,上山城･月岡公園の桜,1,1,,,,result_002
walker-ar0206e25653,東沢バラ公園の桜,1,1,,,,result_002
walker-ar0206e60139,伊佐沢の久保ザクラ,1,1,,,,result_002
walker-ar0206e60383,最上川堤防千本桜,1,1,,,,result_002
walker-ar0206e60413,草岡の大明神ザクラ,1,1,,,,result_002
walker-ar0206e25654,天童公園(舞鶴山)の桜,4,4,,,,result_002
walker-ar0206e25665,倉津川しだれ桜,1,1,,,,result_002
walker-ar0206e60137,白水川堤防桜並木,1,1,,,,result_002
walker-ar0206e60138,堂ノ前公園の桜,2,2,,,,result_002
walker-ar0206e25655,烏帽子山公園の桜,1,2,ooyamazakura,,,result_002
walker-ar0206e60167,双松公園の桜,2,2,,,,result_002
walker-ar0206e25664,まほろばの緑道の桜,2,2,,,,result_002
walker-ar0206e25658,薬師ザクラ,2,2,,,,result_002
walker-ar0207e25666,信夫山公園の桜,3,3,,,,result_002
walker-ar0207e25667,花見山の桜,8,8,,,,result_002
walker-ar0207e25695,石部桜,2,2,,,,result_002
walker-ar0207e25669,開成山公園・開成山大神宮の桜,1,4,someiyoshino|kanzan|yamazakura,,,result_002
walker-ar0207e25670,紅枝垂地蔵ザクラ,3,4,,edohigan-zakura,,result_002
walker-ar0207e60366,笹原川千本桜,5,5,,,,result_002
walker-ar0207e60497,藤田川ふれあい桜,1,1,,,,result_003
walker-ar0207e60498,上石の不動ザクラ,1,2,,beni-shidare,,result_003
walker-ar0207e60499,雪村桜,1,1,,,,result_003
walker-ar0207e60500,内出のサクラ,1,2,,ubahigan,,result_003
walker-ar0207e25671,松ヶ岡公園の桜,2,2,,,,result_003
walker-ar0207e25672,勿来の関公園・勿来関跡の桜,1,3,yamazakura|someiyoshino,,,result_003
walker-ar0207e60549,平中央公園の桜,1,1,,,,result_003
walker-ar0207e25673,南湖公園・楽翁桜,1,2,beni-shidare,,,result_003
walker-ar0207e25674,妙関寺の乙姫桜,2,3,,beni-shidare,,result_003
walker-ar0207e60398,庄司戻しの桜,1,1,,,,result_003
walker-ar0207e64559,翠ヶ丘公園(須賀川)の桜,1,1,,,,result_003
walker-ar0207e543623,釈迦堂川ふれあいロードの桜,1,1,,,,result_003
walker-ar0207e25677,中村城跡公園 馬陵公園の桜,1,1,,,,result_003
walker-ar0207e25678,岳温泉の桜,1,1,,,,result_003
walker-ar0207e25679,霞ヶ城公園の桜,1,2,yamazakura,,,result_003
walker-ar0207e25703,合戦場のしだれ桜,1,2,beni-shidare,,,result_003
walker-ar0207e60179,愛蔵寺の護摩桜,1,1,,,,result_003
walker-ar0207e60187,円東寺の桜,1,1,,,,result_003
walker-ar0207e583833,中島の地蔵桜,1,2,beni-shidare,,,result_003
walker-ar0207e60166,永泉寺のサクラ,1,2,beni-shidare,,,result_003
walker-ar0207e60132,塩ノ崎の大桜,1,1,,,,result_003
walker-ar0207e60528,花と歴史の郷 蛇の鼻の桜,1,4,someiyoshino|edohigan-zakura|shidarezakura,,,result_003
walker-ar0207e60134,観月台公園の桜,1,1,,,,result_003
walker-ar0207e60165,鳥見山公園の桜,1,1,,,,result_003
walker-ar0207e25684,磐椅神社 大鹿桜,1,1,,,,result_003
walker-ar0207e25686,亀ヶ城跡の桜,1,1,,,,result_003
walker-ar0207e25688,観音寺川の桜並木,1,5,someiyoshino|edohigan-zakura|shidarezakura|yamazakura,,,result_003
walker-ar0207e60416,猪苗代町営磐梯山牧場の桜,1,2,takato-kohigan,,,result_003
walker-ar0207e60446,昭和の森の桜,1,3,kanzan|yamazakura,,,result_003
walker-ar0207e25689,福満虚空藏菩薩 圓藏寺の桜,1,1,,,,result_003
walker-ar0207e25691,宮川千本桜,1,2,someiyoshino,,,result_003
walker-ar0207e25702,米沢の千歳桜,1,2,edohigan-zakura,,,result_003
walker-ar0207e60147,昌建寺の桜,1,1,,,,result_003
walker-ar0207e60148,矢祭山公園の桜,1,3,,yamazakura|shidarezakura,,result_003
walker-ar0207e60448,戸津辺の桜,1,1,,,,result_003
walker-ar0207e60133,久慈川河川敷の桜並木の桜,1,1,,,,result_003
walker-ar0207e60393,いしかわ桜谷,1,4,edohigan-zakura|beni-shidare|kanzan,,,result_003
walker-ar0207e60535,高田桜,1,1,,,,result_003
walker-ar0207e60184,越代の桜,1,1,,,,result_003
walker-ar0207e25701,夏井千本桜,1,1,,,,result_003
walker-ar0308e25719,千波公園の桜,1,2,shidarezakura,,,result_003
walker-ar0308e60547,桜山の桜(茨城県),1,1,,,,result_003
walker-ar0308e25707,かみね公園の桜,1,5,someiyoshino|oshimazakura|gyoikou|ukon,,,result_003
walker-ar0308e60189,十王パノラマ公園の桜,1,2,someiyoshino,,,result_003
walker-ar0308e60509,平和通りの桜,1,2,someiyoshino,,,result_003
walker-ar0308e25709,亀城公園の桜(茨城県),1,1,,,,result_003
walker-ar0308e60508,常陸風土記の丘の桜,3,3,,,,result_003
walker-ar0308e60548,城跡歴史公園の桜,3,4,,someiyoshino,,result_003
walker-ar0308e25712,龍ケ崎のしだれ桜,1,1,,,,result_003
walker-ar0308e60190,弘経寺の桜,1,1,,,,result_003
walker-ar0310e25753,赤城南面千本桜,4,5,beniyutaka,,,result_004
walker-ar0310e25754,桜山公園の桜(群馬県),2,3,someiyoshino,,,result_004
walker-ar0311e25764,美の山(みのやま)公園の桜,3,5,someiyoshino|yamazakura,,,result_004
walker-ar0308e60191,水海道あすなろの里の桜,1,4,someiyoshino,yamazakura|oshimazakura,,result_004
walker-ar0308e60192,吉野公園の桜,2,3,someiyoshino,,,result_004
walker-ar0308e25713,西山公園の桜(茨城県),2,2,,,,result_004
walker-ar0308e25714,愛宕山(山頂)の桜,4,7,someiyoshino|oshimazakura,edohigan-zakura,,result_004
walker-ar0308e60545,北条大池周辺の桜,1,1,,,,result_004
walker-ar0308e64849,鹿島城山公園の桜,1,3,someiyoshino|shidarezakura,,,result_004
walker-ar0308e60204,宇留野展望台の桜,1,1,,,,result_004
walker-ar0308e60205,辰ノ口親水公園の桜,1,1,,,,result_004
walker-ar0308e25716,静峰ふるさと公園の桜,2,7,kanzan|ichiyou|shogetsu|ukon|gyoikou,,,result_004
walker-ar0308e25715,磯部桜川公園の桜,1,4,sanozakura|kasumizakura|yamazakura,,,result_004
walker-ar0308e25718,雨引観音の桜,3,6,someiyoshino|shidarezakura,higan-zakura,,result_004
walker-ar0308e60400,神之池緑地公園の桜,1,2,someiyoshino,,,result_004
walker-ar0308e60178,西蓮寺の桜,2,2,,,,result_004
walker-ar0308e60421,羽黒山公園の桜(茨城県),1,1,,,,result_004
walker-ar0308e60401,福岡堰の桜並木,1,1,,,,result_004
walker-ar0308e25717,外大野のしだれ桜,1,1,,,,result_004
walker-ar0308e585361,かわち桜まつり,1,1,,,,result_004
walker-ar0309e25727,八幡山公園の桜,4,5,someiyoshino,,,result_004
walker-ar0309e25728,日光街道桜並木の桜,4,5,yamazakura,,,result_004
walker-ar0309e25730,太平山県立自然公園の桜,1,3,someiyoshino|yamazakura,,,result_004
walker-ar0309e60540,太平山の桜,1,1,,,,result_004
walker-ar0309e60193,嘉多山公園の桜,1,2,someiyoshino,,,result_004
walker-ar0309e60198,関場のしだれ桜,2,2,,,,result_004
walker-ar0309e25731,千手山公園の桜,1,1,,,,result_004
walker-ar0309e216300,鬼怒川温泉 藤原町護国神社・鬼怒川温泉神社の桜,3,4,,someiyoshino,,result_004
walker-ar0309e64401,真岡線沿線・桜・菜の花街道,2,2,,,,result_004
walker-ar0309e60367,龍城公園(大田原市)の桜,1,2,someiyoshino,,,result_004
walker-ar0309e25732,長峰公園の桜,2,2,,,,result_004
walker-ar0309e60161,烏ヶ森公園の桜,1,1,,,,result_004
walker-ar0309e60554,黒磯公園の桜,1,1,,,,result_004
walker-ar0309e62920,乃木参道の桜,1,1,,,,result_004
walker-ar0309e60443,龍門の滝の桜,1,1,,,,result_004
walker-ar0309e23377,天平の丘公園の桜,3,4,ukon,,,result_004
walker-ar0309e585885,姿川アメニティパークの桜,2,2,,,,result_004
walker-ar0309e25735,かしの森公園の桜,1,1,,,,result_004
walker-ar0309e60160,冨士山自然公園の桜,2,2,,,,result_004
walker-ar0309e60149,壬生町総合公園の桜,1,1,,,,result_004
walker-ar0309e60210,東雲公園の桜,1,1,,,,result_004
walker-ar0310e25741,楽歩堂前橋公園の桜,1,1,,,,result_004
walker-ar0310e25742,敷島公園の桜,2,2,,,,result_004
walker-ar0310e25743,高崎城址公園の桜,3,3,,,,result_004
walker-ar0310e25745,高崎観音山の桜,1,1,,,,result_004
walker-ar0310e25746,未来へはばたけ 山田製作所 桐生が岡動物園の桜,1,1,,,,result_004
walker-ar0310e25750,華蔵寺公園の桜,1,1,,,,result_004
walker-ar0310e25756,沼田公園(沼田城址)の桜,3,3,,,,result_004
walker-ar0310e60543,老神温泉の桜,1,1,,,,result_004
walker-ar0310e60542,伊香保グリーン牧場のソメイヨシノ,8,11,shogetsu|ukon|edohigan-zakura,,,result_004
walker-ar0310e62918,伊香保グリーン牧場の八重桜,2,9,kanzan|ichiyou|gyoikou|sendaiya|beni-shidare|fugenzou|edohigan-zakura,,,result_005
walker-ar0310e60119,妙義神社しだれ桜,1,2,,ukon,,result_005
walker-ar0310e64378,富岡製糸場の桜,2,2,,,,result_005
walker-ar0310e64246,鹿の川沼の桜,1,1,,,,result_005
walker-ar0310e25755,妙義山県立森林公園さくらの里の桜,2,11,someiyoshino|kanzan|fugenzou|youkihi|ooyamazakura|edohigan-zakura|yamazakura,mishima-zakura|kotohira,,result_005
walker-ar0310e584524,針山の天王桜,1,1,,,,result_005
walker-ar0310e60544,水上温泉(諏訪峡付近)の桜,1,1,,,,result_005
walker-ar0310e60181,城之内公園の桜,1,1,,,,result_005
walker-ar0311e25759,大宮公園の桜,1,7,someiyoshino|shidarezakura|ukon|jindai-akebono|kanzan,kanhizakura,,result_005
walker-ar0311e138597,大宮第二公園の桜,1,1,,,,result_005
walker-ar0311e60556,与野公園の桜,1,1,,,,result_005
walker-ar0311e138594,埼玉スタジアム2002公園の桜,4,5,angyo-zakura,,,result_005
walker-ar0311e496006,見沼田んぼの桜回廊の桜,3,6,someiyoshino|miyabi-zakura|edohigan-zakura,,,result_005
walker-ar0311e60430,岩槻城址公園の桜,4,4,,,,result_005
walker-ar0311e138596,ホットスタッフ川越パーク(川越水上公園)の桜,5,6,fugenzou,,,result_005
walker-ar0311e381924,喜多院の桜,2,2,,,,result_005
walker-ar0311e382341,川越 熊野神社の桜,1,1,,,,result_005
walker-ar0311e382344,蓮馨寺の桜,1,1,,,,result_005
walker-ar0311e382391,中院の桜,4,4,,,,result_005
walker-ar0311e382552,伊佐沼公園・伊佐沼の桜,1,1,,,,result_005
walker-ar0311e382555,御伊勢塚公園(おいせ橋通り)の桜,1,1,,,,result_005
walker-ar0311e382557,新河岸川の桜,1,1,,,,result_005
walker-ar0311e382558,小畔水鳥の郷公園の桜,2,2,,,,result_005
walker-ar0311e60539,熊谷桜堤の桜,1,1,,,,result_005
walker-ar0311e403608,忍城址の桜,2,2,,,,result_005
walker-ar0311e403609,丸墓山古墳の桜,1,1,,,,result_005
walker-ar0311e403610,古代蓮の里の桜,2,2,,,,result_005
walker-ar0311e60431,羊山公園の桜,2,3,someiyoshino,,,result_005
walker-ar0311e582193,清雲寺のしだれ桜,2,4,edohigan-zakura|beni-shidare,,,result_005
walker-ar0311e60432,所沢航空記念公園の桜,4,7,someiyoshino|jindai-akebono|yamazakura,,,result_005
walker-ar0311e301789,西武園ゆうえんちの桜,1,3,someiyoshino|yoko,,,result_005
walker-ar0311e382560,狭山湖周辺の桜,3,3,,,,result_005
walker-ar0311e382561,東川(あずまがわ)の桜,1,2,someiyoshino,,,result_005
walker-ar0311e382691,砂川堀のしだれ桜,1,1,,,,result_005
walker-ar0311e382692,金仙寺(こんせんじ)のしだれ桜,1,1,,,,result_005
walker-ar0311e60195,飯能市名栗湖の桜,2,2,,,,result_005
walker-ar0311e60433,天覧山・中央公園の桜,1,1,,,,result_005
walker-ar0311e138389,キサイフーズはなさきふれあいパーク(加須はなさき公園)の桜,1,2,oshimazakura,,,result_005
walker-ar0311e25766,こだま千本桜,1,1,,,,result_005
walker-ar0311e60434,若泉公園の桜,1,1,,,,result_005
walker-ar0311e60440,城山稲荷神社の桜,1,1,,,,result_005
walker-ar0311e60541,雉岡城跡の桜,1,1,,,,result_005
walker-ar0311e25760,上沼公園･下沼公園の桜,1,1,,,,result_005
walker-ar0311e138386,埼玉県こども動物自然公園の桜,1,1,,,,result_005
walker-ar0311e60196,エミパーク狭山稲荷山の桜,1,1,,,,result_005
walker-ar0311e138599,智光山公園「桜の園」の桜,5,6,kasumizakura,,,result_005
walker-ar0311e340825,入間川にこにこテラス(入間川河川敷中央公園)の桜,1,1,,,,result_005
walker-ar0311e382703,狭山八幡神社の桜,1,1,,,,result_005
walker-ar0311e382779,廣瀬神社の桜,1,1,,,,result_005
walker-ar0311e460968,入間川サイクリングロードの桜,1,1,,,,result_005
walker-ar0311e138388,羽生水郷公園の桜,2,2,,,,result_006
walker-ar0311e60428,鴻巣公園の桜,1,1,,,,result_006
walker-ar0311e381777,あかぎ公園の桜,1,1,,,,result_006
walker-ar0311e138381,上尾運動公園の桜,1,1,,,,result_006
walker-ar0311e138390,埼玉県県民健康福祉村の桜,1,1,,,,result_006
walker-ar0311e538039,普門寺の桜,2,2,,,,result_006
walker-ar0311e25768,石戸蒲ザクラ,1,1,,,,result_006
walker-ar0311e60426,高尾さくら公園の桜,8,8,,,,result_006
walker-ar0311e60427,城ヶ谷堤の桜,1,1,,,,result_006
walker-ar0311e380658,北本市子供公園の桜,1,1,,,,result_006
walker-ar0311e428339,サンアメニティ北本キャンプフィールドの桜,1,1,,,,result_006
walker-ar0311e428702,放光寺の桜,1,1,,,,result_006
walker-ar0311e428706,阿弥陀堂の桜,1,1,,,,result_006
walker-ar0311e60441,みさと公園の桜,6,7,jugatsu-zakura,,,result_006
walker-ar0311e25769,慈眼寺の桜,2,2,,,,result_006
walker-ar0311e338485,北浅羽桜堤公園の桜,1,1,,,,result_006
walker-ar0311e25762,森田鉄工所 権現堂桜堤 Mirai Parkの桜,1,1,,,,result_006
walker-ar0311e60522,鶴ヶ島市運動公園の桜,1,1,,,,result_006
walker-ar0311e60555,さくら通りの桜,1,1,,,,result_006
walker-ar0311e340124,福岡中央公園の桜,1,1,,,,result_006
walker-ar0311e60436,伊奈町無線山桜並木の桜,2,2,,,,result_006
walker-ar0311e25763,鎌北湖の桜,1,1,,,,result_006
walker-ar0311e60437,さくらの山公園の桜,1,1,,,,result_006
walker-ar0311e60415,国営武蔵丘陵森林公園の桜,3,4,,satozakura,,result_006
walker-ar0311e25771,都幾川桜堤の桜,1,1,,,,result_006
walker-ar0311e60158,さくら堤公園の桜,1,1,,,,result_006
walker-ar0311e60159,吉見百穴周辺の桜,1,1,,,,result_006
walker-ar0311e60438,慈光山歴史公苑の桜,4,5,someiyoshino,,,result_006
walker-ar0311e25765,長瀞の桜,2,4,edohigan-zakura|yamazakura,,,result_006
walker-ar0311e382212,鉢形城の桜・エドヒガン(氏邦桜),3,3,,,,result_006
walker-ar0311e25770,東武動物公園の桜,1,1,,,,result_006
walker-ar0311e60203,杉戸西近隣公園の桜,1,1,,,,result_006
walker-ar0311e382339,古利根川堤の桜,1,1,,,,result_006
walker-ar0312e25773,千葉公園の桜,1,5,someiyoshino|shidarezakura|yamazakura|oshimazakura,,,result_006
walker-ar0312e60173,亥鼻公園の桜,1,2,shidarezakura,,,result_006
walker-ar0312e381580,青葉の森公園の桜,5,10,someiyoshino|oshimazakura|yamazakura|omoigawa|syuzenjikanzakura,,,result_006
walker-ar0312e382413,千葉ポートパークの桜,1,4,someiyoshino|oshimazakura|kobuku-zakura,,,result_006
walker-ar0312e25772,泉自然公園の桜,1,4,someiyoshino|oshimazakura|shidarezakura,,,result_006
walker-ar0312e25796,千葉市動物公園の桜,8,11,yoko|jindai-akebono|ichiharatoranoo,,,result_006
walker-ar0312e382570,千葉市昭和の森の桜,2,2,,,,result_006
walker-ar0312e25774,文学の道の桜,1,1,,,,result_006
walker-ar0312e25775,里見公園の桜,1,2,oshimazakura,,,result_006
walker-ar0312e25776,真間山弘法寺の桜,2,5,edohigan-zakura|yoko|gyoikou,,,result_006
walker-ar0312e381773,真間川沿いの桜並木,1,1,,,,result_006
walker-ar0312e25798,ふなばしアンデルセン公園の桜,6,8,ukon|yoko,,,result_006
walker-ar0312e60553,太田山公園の桜,1,4,someiyoshino|oshimazakura|shidarezakura,,,result_006
walker-ar0312e25799,常盤平さくら通りの桜,1,2,oshimazakura,,,result_006
walker-ar0312e60169,本土寺の桜,2,2,,,,result_006
walker-ar0312e382203,戸定邸の桜,6,6,,,,result_006
walker-ar0312e496001,松戸宿坂川の河津桜,3,3,,,,result_006
walker-ar0312e582004,六高台さくら通りの桜,1,1,,,,result_007
walker-ar0312e25777,清水公園の桜(千葉県),3,5,someiyoshino|oshimazakura,,,result_007
walker-ar0312e25780,茂原公園の桜,1,3,someiyoshino|yamazakura,,,result_007
walker-ar0312e25781,成田山公園の桜,1,3,someiyoshino|shidarezakura,,,result_007
walker-ar0312e25782,宗吾霊堂(境内)の桜,3,3,,,,result_007
walker-ar0312e25807,成田市さくらの山の桜,4,5,,higan-zakura,,result_007
walker-ar0312e60507,成田ゆめ牧場の桜,1,1,,,,result_007
walker-ar0312e60550,佐倉城址公園の桜,4,5,,yaemurasakizakura-koshimizukei,,result_007
walker-ar0312e382682,佐倉ふるさと広場の桜,1,1,,,,result_007
walker-ar0312e496159,西志津スポーツ等多目的広場の河津桜,3,3,,,,result_007
walker-ar0312e25783,八鶴湖畔の桜,1,1,,,,result_007
walker-ar0312e25800,あけぼの山公園の桜,2,4,someiyoshino|tairyo-zakura,,,result_007
walker-ar0312e377372,官軍塚の桜,1,1,,,,result_007
walker-ar0312e25802,千葉こどもの国KidsDom(キッズダム)の桜,1,1,,,,result_007
walker-ar0312e495404,養老川五井大橋付近の河津桜,3,3,,,,result_007
walker-ar0312e381583,内浦山県民の森の桜,1,1,,,,result_007
walker-ar0312e60156,市制記念公園の桜,1,1,,,,result_007
walker-ar0312e61306,森と湖のリゾート ロマンの森共和国の桜,1,1,,,,result_007
walker-ar0312e380667,福星寺のしだれ桜,1,1,,,,result_007
walker-ar0312e60202,南房総市千倉総合運動公園の桜,1,1,,,,result_007
walker-ar0312e376439,抱湖園の桜,1,1,,,,result_007
walker-ar0312e429893,大房岬自然公園の桜,1,1,,,,result_007
walker-ar0312e25786,黄門桜,1,1,,,,result_007
walker-ar0312e340824,天神山公園の桜,2,2,,,,result_007
walker-ar0312e25778,香取神宮の桜,1,1,,,,result_007
walker-ar0312e60552,小見川城山公園の桜,1,1,,,,result_007
walker-ar0312e380830,長光寺のしだれ桜,1,1,,,,result_007
walker-ar0312e382192,さんぶの森公園の桜,3,3,,,,result_007
walker-ar0312e60157,小中池公園の桜,1,1,,,,result_007
walker-ar0312e381917,千葉県立房総のむらの桜,1,1,,,,result_007
walker-ar0312e377379,白子温泉の桜,1,1,,,,result_007
walker-ar0312e382337,笠森観音(笠森寺)の桜,4,4,,,,result_007
walker-ar0312e25794,佐久間ダム公園の桜,2,6,someiyoshino|shidarezakura|jindai-akebono,tairyo-zakura,,result_007
walker-ar0312e495007,保田川の頼朝桜,1,1,,,,result_007
walker-ar0313e25834,靖國神社の桜,8,9,oshimazakura,,,result_007
walker-ar0313e25855,日比谷公園の桜,4,6,,yamazakura|oshimazakura,,result_007
walker-ar0313e60566,外濠公園の桜,1,1,,,,result_007
walker-ar0313e380430,江戸総鎮守 神田明神の桜,1,1,,,,result_007
walker-ar0313e380520,北の丸公園の桜,3,3,,,,result_007
walker-ar0313e380523,国立劇場の桜,6,7,,shogetsu,,result_007
walker-ar0313e382206,ホテルニューオータニ 日本庭園の桜,2,3,,keio-zakura,,result_007
walker-ar0313e30652,浜離宮恩賜庭園の桜,3,7,yamazakura|ichiyou|surugadai-nioi|yaebeni-toranoo,,,result_007
walker-ar0313e380304,江戸桜通りの桜 (SAKURA FES NIHONBASHI 2025),1,1,,,,result_007
walker-ar0313e381570,浜町川緑道の桜,1,1,,,,result_007
walker-ar0313e25848,六本木ヒルズ　毛利庭園・六本木さくら坂の桜,2,4,someiyoshino|maihime,,,result_007
walker-ar0313e26461,アークヒルズの桜,1,1,,,,result_007
walker-ar0313e26520,東京ミッドタウンの桜,3,8,someiyoshino|yamazakura|oshimazakura|ooyamazakura|shidare-yamazakura,,,result_007
walker-ar0313e60404,都立芝公園の桜,2,4,someiyoshino,shidarezakura,,result_007
walker-ar0313e60405,旧芝離宮恩賜庭園の桜,3,5,kanzan,ichiyou,,result_007
walker-ar0313e377509,グランドプリンスホテル高輪の桜,12,13,gotenba-zakura,,,result_007
walker-ar0313e380313,東京都庭園美術館の桜,1,4,someiyoshino|yamazakura|shidarezakura,,,result_008
walker-ar0313e381584,赤坂サカスの桜,9,9,,,,result_008
walker-ar0313e382414,大本山 増上寺の桜,2,2,,,,result_008
walker-ar0313e498854,八芳園の桜,2,4,someiyoshino|ukon,,,result_008
walker-ar0313e30654,明治神宮外苑の桜,1,1,,,,result_008
walker-ar0313e60564,戸山公園の桜,1,1,,,,result_008
walker-ar0313e402459,新宿中央公園の桜,2,3,,someiyoshino,,result_008
walker-ar0313e536322,神田川遊歩道(西早稲田地区)の桜,1,1,,,,result_008
walker-ar0313e26443,六義園の桜,3,3,,,,result_008
walker-ar0313e26523,播磨坂さくら並木の桜,2,4,someiyoshino|ukon,,,result_008
walker-ar0313e60406,小石川後楽園の桜,5,8,someiyoshino|yamazakura|shidarezakura,,,result_008
walker-ar0313e377373,ホテル椿山荘東京の桜,6,9,syuzenjikanzakura|okame|yoko,,,result_008
walker-ar0313e380522,江戸川公園・神田川沿いの桜,2,2,,,,result_008
walker-ar0313e60407,旧岩崎邸庭園の桜,2,4,oshimazakura|someiyoshino,,,result_008
walker-ar0313e380423,浅草寺の桜,2,2,,,,result_008
walker-ar0313e25818,隅田公園の桜,1,3,someiyoshino,shidarezakura,,result_008
walker-ar0313e60408,向島百花園の桜,5,6,fugenzou,,,result_008
walker-ar0313e380311,墨田区立旧中川水辺公園の桜,6,8,shidare-yamazakura|ooyamazakura,,,result_008
walker-ar0313e380312,墨田区立錦糸公園の桜,1,1,,,,result_008
walker-ar0313e380662,東京スカイツリータウンの桜,2,4,yamazakura|gotenba-zakura,,,result_008
walker-ar0313e25819,仙台堀川公園の桜,1,1,,,,result_008
walker-ar0313e60403,辰巳の森緑道公園の桜,1,1,,,,result_008
walker-ar0313e60409,清澄庭園の桜,1,2,someiyoshino,,,result_008
walker-ar0313e380154,大島小松川公園の桜,4,6,someiyoshino|shidarezakura,,,result_008
walker-ar0313e459759,都立木場公園の桜,1,1,,,,result_008
walker-ar0313e539353,夢の島マリーナアウトドアスクウェアの桜,1,1,,,,result_008
walker-ar0313e460683,御殿山トラストシティの桜,1,2,,someiyoshino,,result_008
walker-ar0313e495664,鮫洲入江広場の桜,1,2,kawaduzakura,,,result_008
walker-ar0313e494492,西郷山公園の桜,2,2,,,,result_008
walker-ar0313e25843,洗足池公園の桜,1,3,someiyoshino|yamazakura,,,result_008
walker-ar0313e25852,大田区多摩川台公園の桜,1,1,,,,result_008
walker-ar0313e26528,日蓮宗大本山 池上本門寺の桜,1,4,someiyoshino|shidarezakura|sasabe-zakura,,,result_008
walker-ar0313e380419,桜坂(大田区)の桜,1,1,,,,result_008
walker-ar0313e25841,砧公園の桜,2,6,someiyoshino|oshimazakura|shidarezakura|kanzan,,,result_008
walker-ar0313e60557,駒沢オリンピック公園の桜,1,1,,,,result_008
walker-ar0313e380831,蘆花恒春園の桜,3,6,someiyoshino|shidarezakura|yaebenishidare-sanokei,,,result_008
walker-ar0313e381582,呑川緑道・呑川親水公園の桜,1,1,,,,result_008
walker-ar0313e25837,代々木公園の桜,3,6,someiyoshino|yamazakura|oshimazakura,,,result_008
walker-ar0313e381062,渋谷桜丘 さくら坂の桜,1,2,someiyoshino,,,result_008
walker-ar0313e381073,哲学堂公園の桜,1,2,,someiyoshino,,result_008
walker-ar0313e25840,善福寺川緑地・和田堀公園の桜,4,4,,,,result_008
walker-ar0313e382077,大宮八幡宮の桜,2,2,,,,result_008
walker-ar0313e60565,法明寺の桜,3,3,,,,result_008
walker-ar0313e382201,染井吉野桜記念公園(駒込駅前)の桜,5,7,oshimazakura|edohigan-zakura,,,result_008
walker-ar0313e382209,南大塚三丁目桜並木通りの桜,3,3,,,,result_008
walker-ar0313e25821,飛鳥山公園の桜,5,7,someiyoshino|shidarezakura,,,result_008
walker-ar0313e25822,中央公園の桜,6,7,,someiyoshino,,result_008
walker-ar0313e60410,旧古河庭園の桜,5,8,someiyoshino|yamazakura|shidarezakura,,,result_008
walker-ar0313e60439,音無親水公園の桜,4,6,someiyoshino|yamazakura,,,result_008
walker-ar0313e382083,西ケ原みんなの公園の桜,5,6,,someiyoshino,,result_008
walker-ar0313e25820,浮間公園の桜,1,2,yamazakura,,,result_009
walker-ar0313e380308,加賀公園周辺の桜,1,1,,,,result_009
walker-ar0313e380656,前谷津川緑道の桜,1,1,,,,result_009
walker-ar0313e381072,石神井川の桜,1,3,yamazakura|oshimazakura,,,result_009
walker-ar0313e25838,都立光が丘公園の桜,1,4,someiyoshino|yamazakura|oshimazakura,,,result_009
walker-ar0313e25839,石神井公園の桜,1,3,someiyoshino|yamazakura,,,result_009
walker-ar0313e26530,舎人公園の桜,26,26,,,,result_009
walker-ar0313e60170,西新井大師の桜,27,27,,,,result_009
walker-ar0313e25836,水元公園の桜,1,4,someiyoshino|oshimazakura|o-kanzakura,,,result_009
walker-ar0313e377376,旧中川の桜,1,2,someiyoshino,,,result_009
walker-ar0313e381573,小松川千本桜,4,8,yoko|oshimazakura|ooyamazakura|okame,,,result_009
walker-ar0313e459178,葛西臨海公園の桜,1,1,,,,result_009
walker-ar0313e25823,滝山公園の桜,1,2,yamazakura,,,result_009
walker-ar0313e381205,高尾山 一丁平の千本桜,1,2,yamazakura,,,result_009
walker-ar0313e495844,小田野中央公園の桜,1,1,,,,result_009
walker-ar0313e25845,国営昭和記念公園の桜,4,5,yaebenishidare-sanokei,,,result_009
walker-ar0313e25825,井の頭恩賜公園の桜,8,10,yamazakura|oshimazakura,,,result_009
walker-ar0313e381078,中央通りの桜,1,1,,,,result_009
walker-ar0313e381401,野川公園の桜,1,2,,oshimazakura,,result_009
walker-ar0313e60562,梅岩寺の桜,2,2,,,,result_009
walker-ar0313e219195,釜の淵公園の桜,1,3,jindai-akebono|komatsu-otome,,,result_009
walker-ar0313e60411,武蔵野公園の桜,7,7,,,,result_009
walker-ar0313e25846,都立神代植物公園の桜,8,14,shogetsu|shirotae|kanzan|fukurokujyu|mikurumagaeshi|edo,,,result_009
walker-ar0313e60174,尾根緑道の桜,2,8,shirotae|surugadai-nioi|kanzan|fugenzou|youkihi|yaebeni-higan,,,result_009
walker-ar0313e460242,恩田川沿いの桜,1,1,,,,result_009
walker-ar0313e25826,小金井公園の桜,14,15,shirotae,,,result_009
walker-ar0313e60559,狭山公園の桜,2,10,someiyoshino|yamazakura|shidarezakura|oshimazakura|yoko|kanzan|jindai-akebono|kasumizakura,,,result_009
walker-ar0313e382080,国立市大学通り・さくら通りの桜,6,8,someiyoshino|o-kanzakura,,,result_009
walker-ar0313e219538,多摩川堤防沿いの桜,1,1,,,,result_009
walker-ar0313e459428,柳瀬川沿い「台田運動公園」の桜,1,1,,,,result_009
walker-ar0313e25854,乞田川の桜,1,1,,,,result_009
walker-ar0313e380661,いろは坂桜公園の桜,1,1,,,,result_009
walker-ar0313e60353,よみうりランドの桜,1,3,someiyoshino|shidarezakura,,,result_009
walker-ar0313e25829,羽村堰の桜,1,3,someiyoshino|komatsu-otome,,,result_009
walker-ar0313e461074,桜づつみ公園の桜,2,2,,,,result_009
walker-ar0313e381915,西東京いこいの森公園の桜,3,5,o-kanzakura|yoko,,,result_009
walker-ar0313e380306,狭山池公園(東京都)の桜,4,4,,,,result_009
walker-ar0313e60199,塩田耕地堤の桜,1,1,,,,result_009
walker-ar0313e25832,奥多摩湖の桜,1,4,yamazakura|oshimazakura,ooyamazakura,,result_009
walker-ar0314e25856,県立三ツ池公園の桜,6,12,someiyoshino|yamazakura|shidarezakura|kanzan|ichiyou|fugenzou,,,result_009
walker-ar0314e380152,三ツ沢公園の桜,1,1,,,,result_009
walker-ar0314e60365,野毛山動物園・野毛山公園の桜,1,1,,,,result_009
walker-ar0314e380653,伊勢山皇大神宮の桜,1,1,,,,result_009
walker-ar0314e382347,みなとみらい さくら通りの桜,1,1,,,,result_009
walker-ar0314e382418,掃部山公園の桜,2,2,,,,result_009
walker-ar0314e25857,三溪園の桜,1,1,,,,result_009
walker-ar0314e25877,根岸森林公園の桜,8,8,,,,result_009
walker-ar0314e381068,汽車道の桜,1,1,,,,result_009
walker-ar0314e381412,山下公園の桜,2,2,,,,result_009
walker-ar0314e381918,港の見える丘公園の桜,1,1,,,,result_009
walker-ar0314e382199,元町公園の桜,1,1,,,,result_010
walker-ar0314e382348,カップヌードルミュージアムパークの桜,1,1,,,,result_010
walker-ar0314e459024,山手公園の桜,1,3,someiyoshino|oshimazakura,,,result_010
walker-ar0314e459785,横浜公園の桜,2,2,,,,result_010
walker-ar0314e459937,本牧山頂公園の桜,2,5,someiyoshino|shidarezakura,kanhizakura,,result_010
walker-ar0314e460682,本牧通り・本牧桜道の桜,1,1,,,,result_010
walker-ar0314e60455,大岡川プロムナードの桜,1,1,,,,result_010
walker-ar0314e381926,保土ケ谷公園の桜,3,8,someiyoshino|yamazakura|oshimazakura|yokohamahizakura|shidarezakura,,,result_010
walker-ar0314e60502,横浜市立金沢動物園の桜,1,1,,,,result_010
walker-ar0314e381404,称名寺の桜,1,1,,,,result_010
walker-ar0314e458919,長浜公園の桜,1,5,someiyoshino|shidarezakura|yokohamahizakura|oshimazakura,,,result_010
walker-ar0314e459172,富岡総合公園の桜,1,1,,,,result_010
walker-ar0314e459561,横浜・八景島シーパラダイスの桜,1,3,someiyoshino|oshimazakura,,,result_010
walker-ar0314e381080,岸根公園の桜,1,2,yokohamahizakura,,,result_010
walker-ar0314e382686,柏尾川プロムナードの桜,1,4,oshimazakura|yamazakura|okame,,,result_010
walker-ar0314e458926,俣野別邸庭園の桜,5,6,kanzan,,,result_010
walker-ar0314e459044,よこはま動物園ズーラシアの桜,2,4,someiyoshino|jugatsu-zakura,,,result_010
walker-ar0314e459175,こども自然公園の桜,1,1,,,,result_010
walker-ar0314e382334,四季の森公園の桜,1,1,,,,result_010
walker-ar0314e458789,こどもの国の桜,4,8,someiyoshino|yamazakura|shidarezakura|ukon,,,result_010
walker-ar0314e460500,江川せせらぎ緑道の桜,1,1,,,,result_010
walker-ar0314e380417,夢見ヶ崎動物公園の桜,2,5,someiyoshino|yamazakura|oshimazakura,,,result_010
walker-ar0314e25858,元住吉渋川沿い・中原平和公園の桜(住吉ざくら),1,2,someiyoshino,,,result_010
walker-ar0314e25887,二ヶ領用水宿河原堀の桜,1,2,someiyoshino,,,result_010
walker-ar0314e381578,生田緑地の桜,3,5,someiyoshino|shidarezakura,,,result_010
walker-ar0314e381929,麻生川の桜並木,1,2,someiyoshino,,,result_010
walker-ar0314e25876,県立津久井湖城山公園の桜,1,1,,,,result_010
walker-ar0314e60447,さがみ湖MORI MORIの桜,1,1,,,,result_010
walker-ar0314e381406,相模湖湖畔の桜,20,20,,,,result_010
walker-ar0314e25859,衣笠山公園の桜,1,1,,,,result_010
walker-ar0314e381914,等覚寺の桜,2,3,higan-zakura,,,result_010
walker-ar0314e382092,船越南郷公園の桜,1,1,,,,result_010
walker-ar0314e382424,ヴェルニー公園の桜,1,1,,,,result_010
walker-ar0314e495194,観音崎公園の桜,3,6,jindai-akebono|ashigarazakura,kanhizakura,,result_010
walker-ar0314e25861,高麗山公園(湘南平)の桜,1,4,someiyoshino|yamazakura|oshimazakura,,,result_010
walker-ar0314e382200,金目川桜並木の桜,1,2,someiyoshino,,,result_010
walker-ar0314e25862,鶴岡八幡宮の桜,3,3,,,,result_010
walker-ar0314e25863,源氏山公園の桜,3,6,someiyoshino|yamazakura|oshimazakura,,,result_010
walker-ar0314e377268,長谷寺の桜(神奈川県),7,8,someiyoshino,,,result_010
walker-ar0314e377374,日比谷花壇大船フラワーセンターの桜,6,7,oshimazakura,,,result_010
walker-ar0314e382074,光明寺の桜,5,5,,,,result_010
walker-ar0314e382205,鎌倉大仏殿高徳院の桜,4,5,someiyoshino,,,result_010
walker-ar0314e382333,建長寺の桜,4,4,,,,result_010
walker-ar0314e382345,本覚寺の桜,3,5,someiyoshino|shidarezakura,,,result_010
walker-ar0314e382420,宝戒寺の桜,2,4,someiyoshino|oshimazakura,,,result_010
walker-ar0314e382959,妙本寺の桜,2,4,shidarezakura,ukon,,result_010
walker-ar0314e380657,長久保公園の桜,1,3,oshimazakura|yaebenishidare-sanokei,,,result_010
walker-ar0314e495527,引地川親水公園の桜,1,1,,,,result_010
walker-ar0314e537278,大庭城址公園の桜,1,4,someiyoshino|yamazakura|oshimazakura,,,result_010
walker-ar0314e25865,小田原城址公園の桜,1,3,kawaduzakura|kanhizakura,,,result_010
walker-ar0314e25881,長興山紹太寺のしだれ桜,1,1,,,,result_011
walker-ar0314e60454,アネスト岩田 ターンパイク箱根 御所の入駐車場付近の桜,2,4,someiyoshino|yamazakura,,,result_011
walker-ar0314e377382,小田原フラワーガーデンの桜,9,13,someiyoshino|ashigarazakura|maihime|oshimazakura,,,result_011
walker-ar0314e495002,小出川沿いの河津桜,3,3,,,,result_011
walker-ar0314e377275,小松ヶ池公園の桜,1,1,,,,result_011
walker-ar0314e381588,三浦海岸の河津桜,3,3,,,,result_011
walker-ar0314e25866,弘法山公園の桜,1,3,omoigawa|シロヒガン,,,result_011
walker-ar0314e461924,出雲大社相模分祠の桜,20,20,,,,result_011
walker-ar0314e582195,秦野市カルチャーパークの桜,1,3,okame|shidarezakura,,,result_011
walker-ar0314e582375,はだの桜みち,1,1,,,,result_011
walker-ar0314e25868,飯山白山森林公園の桜,1,4,yamazakura|shidarezakura|someiyoshino,,,result_011
walker-ar0314e381785,大山新道のおかめ桜,1,1,,,,result_011
walker-ar0314e60151,相模が丘仲よし小道 さくら百華の道の桜,20,22,narano-yaezakura|oshimazakura,,,result_011
walker-ar0314e60152,東原桜並木の桜,1,1,,,,result_011
walker-ar0314e582869,春木径・幸せ道の桜,1,1,,,,result_011
walker-ar0314e60209,綾西緑地の桜,1,1,,,,result_011
walker-ar0314e60368,寒川神社の表参道と境内の桜,1,4,higan-zakura|oshimazakura|yokohamahizakura,,,result_011
walker-ar0314e380428,大磯駅及び坂田山斜面の桜,1,1,,,,result_011
walker-ar0314e461927,大磯プリンスホテル前(葛川沿い)の桜,1,1,,,,result_011
walker-ar0314e461933,馬場公園の桜,1,1,,,,result_011
walker-ar0314e586607,大磯運動公園の桜,2,3,ashigarazakura,,,result_011
walker-ar0314e537267,吾妻山公園の桜,1,5,oshimazakura|yamazakura|kanhizakura|shidarezakura,,,result_011
walker-ar0314e402794,BIOTOPIA(ビオトピア)の桜,3,6,someiyoshino|oshimazakura|shidarezakura,,,result_011
walker-ar0314e495847,おおいゆめの里の桜,1,3,kohigan|shidarezakura,,,result_011
walker-ar0314e377380,西平畑公園の桜,1,1,,,,result_011
walker-ar0314e495185,あぐりパーク嵯峨山苑の桜,3,5,yoko|ashigarazakura,,,result_011
walker-ar0314e60581,山北鉄道公園(御殿場線沿い桜並木の通り)の桜,1,1,,,,result_011
walker-ar0314e25874,箱根強羅公園の桜,4,6,someiyoshino|kohigan,,,result_011
walker-ar0314e25875,宮城野早川堤の桜,2,2,,,,result_011
walker-ar0314e60506,恩賜箱根公園の桜,2,5,oshimazakura|gotenba-zakura|someiyoshino,,,result_011
walker-ar0314e381932,箱根湯本の桜,2,2,,,,result_011
walker-ar0314e381936,大平台のしだれ桜,1,1,,,,result_011
walker-ar0314e382070,箱根 芦ノ湖の桜,1,1,,,,result_011
walker-ar0314e60573,荒井城址公園の桜,2,2,,,,result_011
walker-ar0415e25888,鳥屋野潟(鳥屋野潟公園女池・鐘木地区)の桜,1,6,someiyoshino|shidarezakura|oshimazakura|シロヒガン|kanzan,,,result_011
walker-ar0415e25889,信濃川やすらぎ堤緑地の桜,1,2,,kanzan,,result_011
walker-ar0415e60538,白山公園の桜,1,1,,,,result_011
walker-ar0415e25893,秋葉公園の桜,1,1,,,,result_011
walker-ar0415e25896,桜遊歩道公園の桜,1,1,,,,result_011
walker-ar0415e582371,上堰潟公園の桜,1,1,,,,result_011
walker-ar0415e25890,悠久山公園の桜,2,4,ukon|shidarezakura,,,result_011
walker-ar0415e25891,赤坂山公園の桜,2,2,,,,result_011
walker-ar0415e25892,新発田城址公園の桜,1,2,,kanzan,,result_011
walker-ar0415e25908,加治川堤の桜,1,1,,,,result_011
walker-ar0420e60571,弘法山古墳の桜,1,4,someiyoshino|ooyamazakura|シロヒガン,,,result_011
walker-ar0420e25986,臥竜公園の桜,1,2,シロヒガン,,,result_011
walker-ar0420e60180,光前寺のしだれ桜,1,1,,,,result_011
walker-ar0420e60570,光城山の桜,1,1,,,,result_011
walker-ar0419e25968,河口湖畔(北岸)の桜,1,1,,,,result_011
walker-ar0415e60122,橡平サクラ樹林の桜,1,4,ooyamazakura|kasumizakura|tyoujizakura,,,result_011
walker-ar0415e60388,桜公園の桜,1,1,,,,result_012
walker-ar0415e25901,大河津分水桜並木,2,2,,,,result_012
walker-ar0415e60601,美山公園の桜,1,1,,,,result_012
walker-ar0415e60537,経塚山公園の桜,1,1,,,,result_012
walker-ar0415e25899,村松公園の桜,1,5,someiyoshino|yoko|oshimazakura|ooyamazakura,,,result_012
walker-ar0415e25897,高田城址公園の桜,1,1,,,,result_012
walker-ar0415e60126,瓢湖水きん公園の桜,1,2,someiyoshino,,,result_012
walker-ar0415e60369,新穂ダムの桜,1,1,,,,result_012
walker-ar0415e60370,真野公園の桜,1,1,,,,result_012
walker-ar0415e25902,小出公園の桜,1,1,,,,result_012
walker-ar0415e60125,魚野川桜づつみの桜,1,1,,,,result_012
walker-ar0415e60123,弁天潟風致公園の桜,1,1,,,,result_012
walker-ar0415e25900,弥彦公園(早咲き)の桜,1,2,gyoikou,,,result_012
walker-ar0415e60124,湯沢中央公園の桜,2,2,,,,result_012
walker-ar0419e25950,舞鶴城公園の桜,1,6,edohigan-zakura|kohigan|shidarezakura|kawaduzakura|taihaku,,,result_012
walker-ar0419e25951,武田神社の桜,1,1,,,,result_012
walker-ar0419e537820,富士見孝徳公園の桜,1,1,,,,result_012
walker-ar0419e586638,新倉山浅間公園の桜,1,1,,,,result_012
walker-ar0419e60560,岩殿山丸山公園の桜,1,1,,,,result_012
walker-ar0419e25957,わに塚のサクラ,1,2,edohigan-zakura,,,result_012
walker-ar0419e60211,妙了寺の桜,2,2,,,,result_012
walker-ar0419e25966,清春芸術村の桜,1,3,someiyoshino|shidarezakura,,,result_012
walker-ar0419e25973,山高神代桜,4,4,,,,result_012
walker-ar0419e60561,さくら温泉通りの桜,1,1,,,,result_012
walker-ar0419e25956,慈雲寺の桜,2,2,,,,result_012
walker-ar0419e25958,甚六桜,1,1,,,,result_012
walker-ar0419e60171,大善寺の桜,1,1,,,,result_012
walker-ar0419e459775,塩山ふれあいの森総合公園の桜,1,3,someiyoshino|yoko,,,result_012
walker-ar0419e60182,山の神千本桜,1,1,,,,result_012
walker-ar0419e25961,身延山久遠寺の桜,2,2,,,,result_012
walker-ar0419e60217,本郷の千年桜,1,1,,,,result_012
walker-ar0419e60451,原間のイトザクラ,1,2,shidarezakura,,,result_012
walker-ar0419e25960,大法師公園の桜,1,2,shidarezakura,,,result_012
walker-ar0419e25970,冨士御室浅間神社の桜,1,1,,,,result_012
walker-ar0420e25974,長野市城山公園の桜,1,1,,,,result_012
walker-ar0420e25976,松代城跡の桜,1,2,ooyamazakura,,,result_012
walker-ar0420e25978,国宝 松本城の桜,5,8,someiyoshino|shidarezakura|ooyamazakura,,,result_012
walker-ar0420e60569,松本市城山公園の桜,1,1,,,,result_012
walker-ar0420e25979,上田城跡公園の桜,2,4,ukon|yamazakura,,,result_012
walker-ar0420e25983,飯田市大宮通り桜並木,3,4,someiyoshino,,,result_012
walker-ar0420e65094,名勝天龍峡の桜,2,4,someiyoshino|ashigarazakura,,,result_012
walker-ar0420e25985,高島公園の桜,2,3,higan-zakura,,,result_012
walker-ar0420e25987,小諸城址 懐古園の桜,1,3,yaebenishidare-sanokei|someiyoshino,,,result_012
walker-ar0420e25991,大町公園の桜,1,2,ooyamazakura,,,result_012
walker-ar0420e25992,飯山城址公園の桜,2,3,ooyamazakura,,,result_012
walker-ar0420e26008,飯山西大滝ダムの桜,1,1,,,,result_012
walker-ar0420e25994,稲荷山公園の桜,1,1,,,,result_012
walker-ar0420e25995,龍岡城五稜郭の桜,1,2,beniyamazakura,,,result_012
walker-ar0420e60143,福王寺の桜,2,2,,,,result_012
walker-ar0420e60519,平尾山公園の桜,1,1,,,,result_012
walker-ar0420e26002,戸倉上山田温泉 城山の桜,1,2,beniyamazakura,,,result_013
walker-ar0420e26010,戸倉宿サクラケアパークの桜,1,4,someiyoshino|shidarezakura|usuzumi,,,result_013
walker-ar0420e60352,軽井沢プリンスホテルの桜,1,2,shidarezakura,,,result_013
walker-ar0420e25996,水月公園の桜,1,2,kohigan,,,result_013
walker-ar0420e60572,荒神山公園の桜,3,3,,,,result_013
walker-ar0420e60197,中曽根のエドヒガン,3,3,,,,result_013
walker-ar0420e60593,千人塚公園の桜,1,3,someiyoshino|jindai-akebono,,,result_013
walker-ar0420e60155,愛宕様の小彼岸桜,2,2,,,,result_013
walker-ar0420e60121,黒船桜,2,2,,,,result_013
walker-ar0420e60452,駒つなぎの桜,1,2,edohigan-zakura,,,result_013
walker-ar0420e60453,御所桜,1,1,,,,result_013
walker-ar0420e25998,大西公園の桜,1,3,yamazakura|shidarezakura,,,result_013
walker-ar0420e60145,鳳泉寺の桜,2,2,,,,result_013
walker-ar0420e60144,東山夢の郷公園(夢農場)の桜,4,6,yamazakura|botan,,,result_013
walker-ar0420e26001,貞麟寺しだれ桜,1,1,,,,result_013
walker-ar0420e60385,水中のしだれ桜,1,1,,,,result_013
walker-ar0420e60120,宇木のエドヒガン(千歳桜),3,3,,,,result_013
walker-ar0516e25911,呉羽山公園の桜,1,3,someiyoshino|edohigan-zakura,,,result_013
walker-ar0516e25916,城ケ山公園の桜,3,6,someiyoshino|oshimazakura|ukon,,,result_013
walker-ar0516e60422,富山市民俗民芸村の桜,1,3,someiyoshino|edohigan-zakura,,,result_013
walker-ar0516e60599,常西用水 プロムナード公園の桜,1,1,,,,result_013
walker-ar0516e60602,松川公園の桜,1,2,someiyoshino,,,result_013
walker-ar0516e60604,富山県中央植物園の桜,5,11,kawaduzakura|someiyoshino|kenrokuen-kikuzakura|hiyodorizakura|yaebenishidare-sanokei|miyama-zakura,,,result_013
walker-ar0516e25912,高岡古城公園の桜,3,5,someiyoshino|oshimazakura,,,result_013
walker-ar0516e25914,岸渡川堤の桜,3,4,someiyoshino,,,result_013
walker-ar0516e25913,朝日山公園の桜,1,2,someiyoshino,,,result_013
walker-ar0516e60600,宮野運動公園の桜,1,1,,,,result_013
walker-ar0517e25931,能登さくら駅(能登鹿島駅)の桜,1,1,,,,result_013
walker-ar0517e25921,特別名勝兼六園の桜,6,9,ukon|youkihi|shiogama,,,result_013
walker-ar0516e60501,庄川水記念公園の桜,1,1,,,,result_013
walker-ar0516e25915,倶利伽羅県定公園の桜,1,1,,,,result_013
walker-ar0516e60131,安居寺公園の桜,4,5,shidarezakura,,,result_013
walker-ar0516e60164,小矢部川公園千本桜,4,4,,,,result_013
walker-ar0516e60128,内川周辺の桜並木,1,1,,,,result_013
walker-ar0516e60418,薬勝寺池公園の桜,1,1,,,,result_013
walker-ar0516e60419,下条川千本桜の桜,1,1,,,,result_013
walker-ar0516e60420,太閤山ランドの桜,1,1,,,,result_013
walker-ar0516e60129,富山県常願寺川公園の桜,1,1,,,,result_013
walker-ar0517e25930,卯辰山公園の桜,5,7,someiyoshino|shidarezakura,,,result_013
walker-ar0517e25922,小丸山城址公園の桜,1,1,,,,result_013
walker-ar0517e60523,七尾市希望の丘公園の桜,1,1,,,,result_013
walker-ar0517e25923,芦城公園の桜,1,3,someiyoshino|shidarezakura,,,result_013
walker-ar0517e60596,熊坂川河畔の桜,1,2,someiyoshino,,,result_013
walker-ar0517e60597,大堰宮公園の桜,1,1,,,,result_013
walker-ar0517e60456,喜多家しだれ桜,1,1,,,,result_013
walker-ar0517e60127,石川県農林総合研究センター林業試験場樹木公園の桜,7,7,,,,result_013
walker-ar0517e60603,志乎･桜の里 古墳公園の桜,1,3,someiyoshino|kanzan,,,result_013
walker-ar0517e60412,能登町柳田植物公園の桜,1,5,someiyoshino|oshimazakura|yamazakura|shidarezakura,,,result_013
walker-ar0518e25934,足羽山公園の桜,1,4,someiyoshino|shidarezakura|yamazakura,,,result_013
walker-ar0518e60457,足羽川桜並木,1,1,,,,result_013
walker-ar0518e25935,金崎宮(金ヶ崎公園)の桜,1,1,,,,result_014
walker-ar0518e25936,小浜公園の桜,1,1,,,,result_014
walker-ar0518e60414,妙祐寺のしだれ桜,1,1,,,,result_014
walker-ar0518e60176,九頭竜湖の桜,1,2,yamazakura,,,result_014
walker-ar0518e60595,亀山公園の桜(福井県),1,1,,,,result_014
walker-ar0518e60594,勝山弁天桜(九頭竜河畔の桜),1,1,,,,result_014
walker-ar0518e25943,花筐公園の桜,1,2,someiyoshino,,,result_014
walker-ar0518e25948,味真野小学校の桜,1,1,,,,result_014
walker-ar0518e60390,万葉の里 味真野苑の桜,1,1,,,,result_014
walker-ar0518e25942,丸岡城(霞ヶ城公園)の桜,1,1,,,,result_014
walker-ar0518e60130,越前陶芸村の桜,2,2,,,,result_014
walker-ar0518e60371,神子の山桜,2,2,,,,result_014
walker-ar0621e26015,水道山の桜,1,1,,,,result_014
walker-ar0621e60588,岐阜公園長良川堤の桜,1,2,edohigan-zakura,,,result_014
walker-ar0621e60175,墨俣一夜城址公園・犀川堤の桜,1,1,,,,result_014
walker-ar0621e26033,荘川桜,1,1,,,,result_014
walker-ar0621e26034,臥龍桜,1,2,edohigan-zakura,,,result_014
walker-ar0621e26036,中橋周辺の桜,1,1,,,,result_014
walker-ar0621e26037,宮川緑地公園の桜,1,1,,,,result_014
walker-ar0621e26040,江名子川沿いの桜,1,1,,,,result_014
walker-ar0621e60231,寺尾ヶ原千本桜公園の桜,1,1,,,,result_014
walker-ar0622e26054,冨士霊園の桜,1,3,yamazakura|someiyoshino,,,result_014
walker-ar0624e26088,三多気の桜,1,2,yamazakura,,,result_014
walker-ar0622e26057,狩宿の下馬ザクラ,1,1,,,,result_014
walker-ar0621e26027,根尾谷淡墨桜,2,2,,,,result_014
walker-ar0621e60233,関川の桜,1,1,,,,result_014
walker-ar0621e60234,吉田川の桜,1,1,,,,result_014
walker-ar0621e60235,関善光寺の桜,1,1,,,,result_014
walker-ar0621e60583,本町公園の桜,1,1,,,,result_014
walker-ar0621e60584,苗木さくら公園の桜,1,1,,,,result_014
walker-ar0621e26019,恵那峡の桜,1,1,,,,result_014
walker-ar0621e60150,奥矢作湖畔桜並木,1,1,,,,result_014
walker-ar0621e60372,新田の桜,1,1,,,,result_014
walker-ar0621e26022,新境川堤の桜並木,1,1,,,,result_014
walker-ar0621e60587,苗代桜,1,2,edohigan-zakura,,,result_014
walker-ar0621e60232,平田公園と大榑川の桜並木(平田靱負ロード),1,1,,,,result_014
walker-ar0621e26025,養老公園の桜,1,2,,edohigan-zakura,,result_014
walker-ar0621e60590,相川水辺公園の桜,1,1,,,,result_014
walker-ar0621e60391,伊吹山ドライブウェイの桜,1,1,,,,result_014
walker-ar0621e60356,イビデン東横山発電所の桜並木,1,1,,,,result_014
walker-ar0621e60589,谷汲山華厳寺の桜,1,2,someiyoshino,,,result_014
walker-ar0621e60246,揖斐二度ザクラ公園の桜,1,2,nidozakura,,,result_014
walker-ar0621e26026,霞間ヶ渓の桜,1,3,edohigan-zakura|shidarezakura,,,result_014
walker-ar0621e60249,生活環境保全林「みたけの森」の桜,1,1,,,,result_014
walker-ar0621e60250,鬼岩公園の桜,1,1,,,,result_014
walker-ar0622e26042,静岡浅間神社の桜,1,3,yamazakura|oshimazakura,,,result_014
walker-ar0622e26056,駿府城公園の桜,1,1,,,,result_014
walker-ar0622e26045,日本平の桜,1,2,yamazakura,,,result_014
walker-ar0622e26046,清水船越堤公園の桜,1,1,,,,result_014
walker-ar0622e60576,御殿山の桜,1,2,oshimazakura,,,result_014
walker-ar0622e26043,浜松城公園の桜,1,5,someiyoshino|shidarezakura|yamazakura|oshimazakura,,,result_015
walker-ar0622e26044,はままつフラワーパークの桜,1,4,someiyoshino|kanzan|fugenzou,,,result_015
walker-ar0622e377506,佐鳴湖公園の桜,3,6,someiyoshino|oshimazakura|shidarezakura,,,result_015
walker-ar0622e493736,東大山の桜,1,2,someiyoshino,,,result_015
walker-ar0622e60580,奥山公園の桜,1,2,,yamazakura,,result_015
walker-ar0622e26055,秋葉ダム千本桜,1,1,,,,result_015
walker-ar0622e60578,鳥羽山公園の桜,1,4,someiyoshino,yamazakura|oshimazakura,,result_015
walker-ar0622e60511,千歳川沿いの桜,2,2,,,,result_015
walker-ar0622e209285,糸川遊歩道の桜,2,2,,,,result_015
walker-ar0622e218294,熱海城の桜,2,2,,,,result_015
walker-ar0622e60574,三嶋大社の桜,22,25,someiyoshino|oshimazakura|shidarezakura,,,result_015
walker-ar0622e60244,大石寺の桜,1,3,someiyoshino|shidarezakura,,,result_015
walker-ar0622e26047,伊豆高原桜並木,2,4,someiyoshino|oshimazakura,,,result_015
walker-ar0622e26048,さくらの里の桜,7,14,jugatsu-zakura|mikurumagaeshi|omoigawa|youkihi|gyoikou|kenrokuen-kikuzakura|someiyoshino,,,result_015
walker-ar0622e376062,伊東温泉の桜,2,2,,,,result_015
walker-ar0622e26052,河原町旧堤防の桜,1,1,,,,result_015
walker-ar0622e26061,家山の桜,2,2,,,,result_015
walker-ar0622e60458,野守の池の桜,1,1,,,,result_015
walker-ar0622e585383,牛代の水目桜,1,1,,,,result_015
walker-ar0622e60243,木屋川堤の桜,1,1,,,,result_015
walker-ar0622e461751,坂本高草川沿いの桜,1,1,,,,result_015
walker-ar0622e60238,粟ヶ岳の桜,2,3,someiyoshino,,,result_015
walker-ar0622e219695,つま恋リゾート彩の郷(さいのさと)の桜,3,5,someiyoshino|shidarezakura,,,result_015
walker-ar0622e60262,蓮華寺池公園の桜,1,2,someiyoshino,,,result_015
walker-ar0622e60577,藤枝金比羅山・瀬戸川堤防の桜,1,1,,,,result_015
walker-ar0622e60579,富士仏舎利塔平和公園の桜,8,10,someiyoshino|shidarezakura,,,result_015
walker-ar0622e217110,秩父宮記念公園の桜,8,12,shidarezakura|oshimazakura|yaebenishidare-sanokei|ハコネザクラ,,,result_015
walker-ar0622e213882,松原公園の桜,2,2,,,,result_015
walker-ar0622e60459,高松神社の桜,1,1,,,,result_015
walker-ar0622e584894,浜岡砂丘白砂公園の桜,1,1,,,,result_015
walker-ar0622e584902,あらさわふる里公園の桜,1,1,,,,result_015
walker-ar0622e584903,池宮神社桜ヶ池の桜,1,1,,,,result_015
walker-ar0622e60212,狩野川さくら公園の桜,1,1,,,,result_015
walker-ar0622e60460,勝間田川沿いの桜,1,1,,,,result_015
walker-ar0622e26058,河津川沿桜並木の桜,2,2,,,,result_015
walker-ar0622e214217,下賀茂温泉の桜,1,1,,,,result_015
walker-ar0622e60461,松崎町 那賀川沿いの桜並木,1,1,,,,result_015
walker-ar0622e60216,黄金崎公園の桜,1,1,,,,result_015
walker-ar0622e582177,かんなみの桜,1,1,,,,result_015
walker-ar0622e60237,駿河平自然公園の桜,1,1,,,,result_015
walker-ar0622e60228,小国神社の桜,1,1,,,,result_015
walker-ar0622e60229,太田川桜堤の桜,1,1,,,,result_015
walker-ar0622e60462,戦国夢街道ハイキングコースの桜,1,1,,,,result_015
walker-ar0623e26064,名古屋市東山動植物園の桜,5,10,someiyoshino|gyoikou|kanzan|kenrokuen-kikuzakura|oshimazakura,,,result_015
walker-ar0623e381919,平和公園の桜,1,3,someiyoshino|shidarezakura,,,result_015
walker-ar0623e380301,徳川園の桜,2,5,toukaizakura|yaebenishidare-sanokei|kanzan,,,result_015
walker-ar0623e381928,庄内緑地の桜,2,5,kanzan|jugatsu-zakura,kobuku-zakura,,result_015
walker-ar0623e26063,名古屋城の桜,2,2,,,,result_015
walker-ar0623e26065,鶴舞公園の桜,2,6,someiyoshino|shidarezakura|oshimazakura|edohigan-zakura,,,result_015
walker-ar0623e428591,八事山興正寺の桜,1,2,shidarezakura,,,result_015
walker-ar0623e26062,山崎川四季の道の桜,1,1,,,,result_016
walker-ar0623e60348,荒子川公園の桜,1,1,,,,result_016
walker-ar0623e26066,東谷山フルーツパークの桜,5,6,someiyoshino,,,result_016
walker-ar0623e382069,向山緑地の桜,1,1,,,,result_016
walker-ar0623e382072,豊橋公園の桜,1,1,,,,result_016
walker-ar0623e382075,岩屋緑地の桜,1,1,,,,result_016
walker-ar0623e26068,岡崎城公園の桜,1,1,,,,result_016
walker-ar0623e26069,大江川緑道の桜,1,1,,,,result_016
walker-ar0623e26070,木曽川堤の桜,1,4,edohigan-zakura|shidarezakura|yamazakura,,,result_016
walker-ar0623e380519,138タワーパークの桜,3,10,someiyoshino|edohigan-zakura|ooyamazakura|shidarezakura|yamazakura|sendaiyoshino|jugatsu-zakura,,,result_016
walker-ar0623e380665,大野極楽寺公園の桜,3,7,someiyoshino|shidarezakura|oshimazakura|edohigan-zakura,,,result_016
walker-ar0623e535601,光明寺公園の桜,1,5,someiyoshino|edohigan-zakura|shidarezakura|yamazakura,,,result_016
walker-ar0623e60582,定光寺公園の桜,1,2,yamazakura,,,result_016
walker-ar0623e26083,佐奈川堤の桜,1,1,,,,result_016
walker-ar0623e60240,とよかわ桜トンネル,1,1,,,,result_016
walker-ar0623e60374,音羽川堤の桜,1,1,,,,result_016
walker-ar0623e219206,御津山園地の桜,1,1,,,,result_016
walker-ar0623e381208,天王川公園の桜,2,3,ukon,,,result_016
walker-ar0623e60463,明石公園(愛知県)の桜,2,2,,,,result_016
walker-ar0623e380425,洲原公園の桜,1,1,,,,result_016
walker-ar0623e26463,瑞龍寺のしだれ桜,2,3,edohigan-zakura,,,result_016
walker-ar0623e60357,水源公園の桜,1,3,someiyoshino|shidarezakura,,,result_016
walker-ar0623e60442,愛知県緑化センターの桜,1,3,someiyoshino|kanzan,,,result_016
walker-ar0623e381772,金剛寺のしだれ桜,2,3,higan-zakura,,,result_016
walker-ar0623e381927,鞍ケ池公園の桜,4,4,,,,result_016
walker-ar0623e428588,大安寺のしだれ桜,2,2,,,,result_016
walker-ar0623e381399,安城公園の桜,1,1,,,,result_016
walker-ar0623e62095,愛知こどもの国の桜,3,3,,,,result_016
walker-ar0623e26073,博物館 明治村の桜,1,5,someiyoshino|yamazakura|oshimazakura|shidarezakura,,,result_016
walker-ar0623e26074,犬山城の桜,1,1,,,,result_016
walker-ar0623e26076,犬山市木曽川河畔一帯の桜,1,1,,,,result_016
walker-ar0623e380659,日本モンキーパークの桜,1,5,someiyoshino|gyoikou|shidarezakura|yamazakura,,,result_016
walker-ar0623e381063,桃太郎公園の桜,1,1,,,,result_016
walker-ar0623e460820,日本庭園 有楽苑の桜,1,1,,,,result_016
walker-ar0623e26082,史跡小牧山の桜,1,4,someiyoshino|yamazakura|shidarezakura,,,result_016
walker-ar0623e60230,尾張大國霊神社(国府宮)の桜,1,2,someiyoshino,,,result_016
walker-ar0623e60386,桜ネックレスの桜,8,9,kenrokuen-kikuzakura,,,result_016
walker-ar0623e26077,桜淵公園の桜,1,2,yamazakura,,,result_016
walker-ar0623e26080,愛知県民の森の桜,1,2,yamazakura,,,result_016
walker-ar0623e381207,大池公園の桜,1,3,someiyoshino|oshimazakura,,,result_016
walker-ar0623e380518,城山公園(愛知)の桜,1,1,,,,result_016
walker-ar0623e60239,大山緑地の桜,1,3,someiyoshino|usuzumi,,,result_016
walker-ar0623e26078,岩倉五条川の桜,1,1,,,,result_016
walker-ar0623e381931,滝頭公園の桜,2,4,someiyoshino|yamazakura,,,result_016
walker-ar0623e60247,清洲城周辺の桜,2,6,someiyoshino|oshimazakura|yamazakura|shidarezakura,,,result_016
walker-ar0623e381923,三好公園の桜,4,7,someiyoshino|shidarezakura|oshimazakura,,,result_016
walker-ar0623e381916,愛・地球博記念公園(モリコロパーク)の桜,2,5,someiyoshino|edohigan-zakura|ukon,,,result_016
walker-ar0623e60241,大口町 五条川の桜並木,1,1,,,,result_016
walker-ar0623e382208,於大のみちの桜,8,9,kenrokuen-kikuzakura,,,result_016
walker-ar0623e381574,幸田文化公園の桜,1,7,yaebenishidare-sanokei|ujo-shidare|edohigan-zakura|yamazakura|shidarezakura|someiyoshino,,,result_016
walker-ar0624e26084,津偕楽公園の桜,1,2,,yamazakura,,result_017
walker-ar0624e26096,君ヶ野ダム公園の桜,1,1,,,,result_017
walker-ar0624e26085,五十鈴川堤の桜,1,1,,,,result_017
walker-ar0624e26086,宮川堤の桜,1,2,yamazakura,,,result_017
walker-ar0624e60354,春谷寺エドヒガンザクラ,4,4,,,,result_017
walker-ar0624e26094,九華公園の桜,2,4,,shidarezakura|yamazakura,,result_017
walker-ar0624e60513,鳥羽城跡 城山公園の桜,1,1,,,,result_017
walker-ar0624e26091,上野公園の桜(三重県),12,12,,,,result_017
walker-ar0624e60586,湯の山温泉の桜,1,1,,,,result_017
walker-ar0624e60592,田丸城跡の桜,1,1,,,,result_017
walker-ar0624e64678,宮リバー度会パークの桜,1,2,someiyoshino,,,result_017
walker-ar0624e60215,大滝峡自然公園の桜,1,1,,,,result_017
walker-ar0725e26098,石山寺の桜,2,5,,kanhizakura|higan-zakura|shidarezakura,,result_017
walker-ar0725e26099,三井寺(園城寺)の桜,2,3,,shidarezakura,,result_017
walker-ar0725e26100,琵琶湖疏水の桜,1,4,,someiyoshino|yamazakura|shidarezakura,,result_017
walker-ar0725e26109,奥比叡・延暦寺境内の桜,2,2,,,,result_017
walker-ar0725e60614,南郷水産センターの桜,1,1,,,,result_017
walker-ar0725e26101,国宝・彦根城の桜,1,1,,,,result_017
walker-ar0725e26102,豊公園(長浜城)の桜,1,2,jindai-akebono,,,result_017
walker-ar0725e60288,虎御前山の桜,1,1,,,,result_017
walker-ar0725e60465,水口岡山城跡の桜,1,1,,,,result_017
walker-ar0725e60466,水口スポーツの森周辺の桜,1,1,,,,result_017
walker-ar0726e26118,御室(仁和寺)の桜,4,5,shidarezakura,,,result_017
walker-ar0729e584440,高見の郷の桜,2,3,edohigan-zakura,,,result_017
walker-ar0728e26147,須磨浦山上遊園の桜,1,2,sumaura-fugenzo,,,result_017
walker-ar0727e60392,勝ち運の寺 勝尾寺の桜,2,3,kanzan,,,result_017
walker-ar0725e62922,甲南町下野川の桜,1,1,,,,result_017
walker-ar0725e60293,滋賀県立近江富士花緑公園の桜,2,4,kanhizakura|shidarezakura,,,result_017
walker-ar0725e60468,雨山文化運動公園の桜,1,1,,,,result_017
walker-ar0725e427946,じゅらくの里の桜,1,2,beni-shidare,,,result_017
walker-ar0725e26108,海津大崎の桜,1,1,,,,result_017
walker-ar0725e60376,清水(しょうず)の桜,1,2,azumahigan,,,result_017
walker-ar0725e60266,「国史跡」釈迦山 百済寺(湖東三山)の桜,2,4,someiyoshino|yamazakura,,,result_017
walker-ar0725e60278,清瀧寺徳源院の桜,2,3,edohigan-zakura,,,result_017
walker-ar0725e60591,滋賀県醒井養鱒場の桜,1,1,,,,result_017
walker-ar0725e60264,金剛輪寺の桜,1,1,,,,result_017
walker-ar0725e60265,湖東三山西明寺の桜,3,4,shidarezakura,,,result_017
walker-ar0726e26129,平野神社の桜,24,24,,,,result_017
walker-ar0726e31233,上賀茂神社の桜,3,4,yaebenishidare-sanokei,,,result_017
walker-ar0726e381571,上品蓮台寺の桜,1,2,,shidarezakura,,result_017
walker-ar0726e382076,常照寺の桜,1,4,taihaku|ukon|beni-shidare,,,result_017
walker-ar0726e461160,原谷苑の桜,9,11,shidarezakura|oshimazakura,,,result_017
walker-ar0726e461428,等持院の桜,1,1,,,,result_017
walker-ar0726e380664,大本山 妙蓮寺の桜,2,3,jugatsu-zakura,,,result_017
walker-ar0726e380829,立本寺の桜,1,1,,,,result_017
walker-ar0726e381061,妙顕寺の桜,2,2,,,,result_017
walker-ar0726e381769,本法寺の桜,1,1,,,,result_017
walker-ar0726e382421,日蓮宗本山 本満寺のしだれ桜,1,1,,,,result_017
walker-ar0726e458786,京都御苑の桜,5,7,kasumizakura|yamazakura,,,result_017
walker-ar0726e459920,晴明神社の桜,1,1,,,,result_017
walker-ar0726e461156,水火天満宮の桜,2,3,beni-shidare,,,result_018
walker-ar0726e26116,平安神宮 神苑の桜,3,3,,,,result_018
walker-ar0726e26126,哲学の道の桜,1,1,,,,result_018
walker-ar0726e26132,岡崎さくら回廊十石舟めぐりの桜,1,1,,,,result_018
walker-ar0726e60606,京都府立植物園の桜,28,28,,,,result_018
walker-ar0726e60607,八瀬周辺の桜,1,1,,,,result_018
walker-ar0726e60616,三千院門跡の桜,1,2,shidarezakura,,,result_018
walker-ar0726e380418,国立京都国際会館の桜,1,1,,,,result_018
walker-ar0726e380516,妙満寺の桜,2,3,beni-shidare,,,result_018
walker-ar0726e381925,宝が池公園の桜,1,1,,,,result_018
walker-ar0726e382071,大本山 くろ谷 金戒光明寺の桜,1,2,shidarezakura,,,result_018
walker-ar0726e382085,百萬遍知恩寺の桜,1,2,okame,,,result_018
walker-ar0726e382204,南禅寺の桜,1,2,shidarezakura,,,result_018
walker-ar0726e382207,岩倉実相院門跡の桜,1,1,,,,result_018
walker-ar0726e382210,聖護院門跡の桜,2,2,,,,result_018
walker-ar0726e382390,蹴上インクラインの桜,1,1,,,,result_018
walker-ar0726e382399,安楽寺の桜,1,1,,,,result_018
walker-ar0726e382423,鞍馬寺の桜,4,5,kurama-zakura,,,result_018
walker-ar0726e382553,鴨川公園(半木の道)の八重紅枝垂桜,3,3,,,,result_018
walker-ar0726e459733,真如堂(真正極楽寺)の桜,2,3,edohigan-zakura,,,result_018
walker-ar0726e459734,寂光院の桜,2,2,,,,result_018
walker-ar0726e460343,宗忠神社の桜,1,1,,,,result_018
walker-ar0726e461325,十輪寺の桜,2,2,,,,result_018
walker-ar0726e382554,神泉苑の桜,2,2,,,,result_018
walker-ar0726e401387,元離宮二条城の桜,7,8,fugenzou,,,result_018
walker-ar0726e459574,六角堂(紫雲山頂法寺)の桜,2,2,,,,result_018
walker-ar0726e26475,高台寺の桜,2,2,,,,result_018
walker-ar0726e26476,浄土宗 総本山知恩院の桜,1,2,yamazakura,,,result_018
walker-ar0726e26479,清水寺の桜,1,2,yamazakura,,,result_018
walker-ar0726e458557,祇園白川の桜,1,3,yamazakura|shidarezakura,,,result_018
walker-ar0726e458559,建仁寺の桜,2,3,kawaduzakura,,,result_018
walker-ar0726e459926,東福寺塔頭 光明院の桜,1,1,,,,result_018
walker-ar0726e459931,東本願寺・渉成園(枳殻邸)の桜,2,4,syuzenjikanzakura|yamazakura,,,result_018
walker-ar0726e460342,佛光寺の桜,2,2,,,,result_018
walker-ar0726e382079,六孫王神社の桜,2,4,ukon|beni-shidare,,,result_018
walker-ar0726e458719,東寺(教王護国寺)の桜,2,3,kawaduzakura,,,result_018
walker-ar0726e26482,天龍寺の桜,5,5,,,,result_018
walker-ar0726e26483,常寂光寺の桜,1,3,yamazakura|beni-shidare,,,result_018
walker-ar0726e26484,二尊院の桜,2,3,fugenzou,,,result_018
walker-ar0726e30767,旧嵯峨御所 大本山大覚寺の桜,1,2,osawazakura,,,result_018
walker-ar0726e60378,常照皇寺の桜,1,4,kokonoe|mikurumagaeshi|yamazakura,,,result_018
walker-ar0726e60379,法金剛院の桜,2,3,beni-shidare,,,result_018
walker-ar0726e60608,梅宮大社の桜,1,1,,,,result_018
walker-ar0726e60613,高雄・三尾一帯の桜,1,3,yamazakura|shidarezakura,,,result_018
walker-ar0726e60617,龍安寺の桜,2,3,beni-shidare,,,result_018
walker-ar0726e60618,退蔵院(妙心寺山内)の桜,2,3,beni-shidare,,,result_018
walker-ar0726e382202,大河内山荘庭園の桜,1,1,,,,result_018
walker-ar0726e458428,車折神社の桜,2,2,,,,result_018
walker-ar0726e460075,清凉寺(嵯峨釈迦堂)の桜,2,3,kawaduzakura,,,result_018
walker-ar0726e461327,京福電鉄(嵐電)の桜,1,1,,,,result_018
walker-ar0726e536449,嵯峨野トロッコ列車の桜,1,1,,,,result_019
walker-ar0726e582577,黒田の百年桜,1,2,クロダヒャクネン,,,result_019
walker-ar0726e588995,金花山宝泉寺の桜,1,2,sendaiya,,,result_019
walker-ar0726e26119,醍醐寺の桜,4,6,kawaduzakura|shidarezakura,,,result_019
walker-ar0726e60621,城南宮 神苑 楽水苑の桜,2,3,beni-shidare,,,result_019
walker-ar0726e377750,淀水路の桜,2,2,,,,result_019
walker-ar0726e380660,御香宮神社の桜,1,2,beni-shidare,,,result_019
walker-ar0726e381577,伏見桃山城の桜,2,2,,,,result_019
walker-ar0726e381922,墨染寺の桜,2,2,,,,result_019
walker-ar0726e588802,伏見十石舟の桜,1,1,,,,result_019
walker-ar0726e26120,毘沙門堂の桜,3,4,ukon,,,result_019
walker-ar0726e60605,勧修寺の桜,1,1,,,,result_019
walker-ar0726e380655,大石神社の桜,2,2,,,,result_019
walker-ar0726e381775,岩屋寺の桜,1,1,,,,result_019
walker-ar0726e459562,将軍塚青龍殿の桜,1,1,,,,result_019
walker-ar0726e459580,隨心院の桜,1,1,,,,result_019
walker-ar0726e380415,大原野神社の桜,1,1,,,,result_019
walker-ar0726e380416,正法寺の桜,2,2,,,,result_019
walker-ar0726e460228,勝持寺の桜,2,2,,,,result_019
walker-ar0726e461337,善峯寺の桜,2,3,botan,,,result_019
walker-ar0726e60469,京都府・緑化センターの桜,2,2,,,,result_019
walker-ar0726e60643,福知山城の桜,1,1,,,,result_019
walker-ar0726e428584,三段池公園の桜,6,7,usuzumi,,,result_019
walker-ar0726e60225,引揚記念公園の桜,1,2,yamazakura,,,result_019
walker-ar0726e60226,共楽公園の桜,1,1,,,,result_019
walker-ar0726e26122,宇治橋上流の桜,1,1,,,,result_019
walker-ar0726e60514,宇治市植物公園の桜,3,5,syuzenjikanzakura|koshi-no-higan,,,result_019
walker-ar0726e60624,山城総合運動公園の桜,1,1,,,,result_019
walker-ar0726e220488,平等院の桜,1,3,shidarezakura|someiyoshino,,,result_019
walker-ar0726e26133,傘松公園の桜,1,1,,,,result_019
walker-ar0726e26130,七谷川・和らぎの道の桜,3,3,,,,result_019
walker-ar0726e60470,保津峡の桜,1,1,,,,result_019
walker-ar0726e382335,亀岡運動公園の桜,1,1,,,,result_019
walker-ar0726e60471,鴻ノ巣山の桜,1,1,,,,result_019
walker-ar0726e60358,向日神社の桜,1,1,,,,result_019
walker-ar0726e382211,桜の径・噴水公園の桜,1,1,,,,result_019
walker-ar0726e60260,長岡天満宮八条ヶ池の桜,1,1,,,,result_019
walker-ar0726e401216,勝竜寺城公園(勝龍寺城)の桜,1,1,,,,result_019
walker-ar0726e26124,淀川河川公園背割堤地区の桜,1,1,,,,result_019
walker-ar0726e60609,石清水八幡宮の桜,1,1,,,,result_019
walker-ar0726e428072,馬坂川の桜,1,1,,,,result_019
walker-ar0726e381082,離湖公園の桜,1,1,,,,result_019
walker-ar0726e381934,大野ダム公園の桜,1,1,,,,result_019
walker-ar0726e60218,地蔵禅院の桜,3,3,,,,result_019
walker-ar0726e60221,玉川の桜,1,1,,,,result_019
walker-ar0726e382409,正寿院の桜,1,1,,,,result_019
walker-ar0726e60473,笠置キャンプ場(木津川畔)の桜,1,1,,,,result_019
walker-ar0726e60389,けいはんな記念公園(京都府立関西文化学術研究都市記念公園)の桜,5,6,yoko,,,result_019
walker-ar0726e60361,わち山野草の森の桜,2,3,ukon,,,result_019
walker-ar0726e60474,大内峠一字観公園の桜,1,1,,,,result_019
walker-ar0726e60475,板列公園の桜,1,1,,,,result_020
walker-ar0727e381587,天保山公園の桜,1,2,yoko,,,result_020
walker-ar0727e381771,八幡屋公園の桜,2,3,yoko,,,result_020
walker-ar0727e60623,総本山 四天王寺の桜,2,3,hachisuka-zakura,,,result_020
walker-ar0727e177168,柴島浄水場 桜並木の通り抜け,1,1,,,,result_020
walker-ar0727e381781,万代池公園の桜,1,1,,,,result_020
walker-ar0727e381780,うるし堤公園の桜,1,1,,,,result_020
walker-ar0727e537596,長居公園の桜,2,4,yoko|yaebenishidare-sanokei,,,result_020
walker-ar0727e380424,花博記念公園 鶴見緑地の桜,6,7,someiyoshino,,,result_020
walker-ar0727e382084,念法眞教 総本山 金剛寺の桜,1,1,,,,result_020
walker-ar0727e380668,住之江公園の桜,1,1,,,,result_020
walker-ar0727e382073,住吉公園の桜,2,4,amanogawa|jindai-akebono,,,result_020
walker-ar0727e26136,毛馬桜之宮公園の桜,1,3,someiyoshino|yamazakura,,,result_020
walker-ar0727e381581,扇町公園の桜,1,3,kawaduzakura|yoko,,,result_020
walker-ar0727e381585,南天満公園の桜,1,1,,,,result_020
walker-ar0727e381778,大阪天満宮の桜,1,1,,,,result_020
walker-ar0727e60637,大仙公園の桜,3,6,yaebenishidare-sanokei|beni-shidare|shidare-higan,,,result_020
walker-ar0727e381779,白鷺公園の桜,1,1,,,,result_020
walker-ar0727e381407,浜寺公園の桜,1,3,oshimazakura|yoko,,,result_020
walker-ar0727e26141,岸和田城周辺の桜,1,1,,,,result_020
walker-ar0727e26144,五月山緑地の桜,2,4,yamazakura|oshimazakura,,,result_020
walker-ar0727e26138,万博記念公園の桜,5,9,someiyoshino|yamazakura|oshimazakura|shidarezakura,,,result_020
walker-ar0727e26140,摂津峡公園の桜,1,1,,,,result_020
walker-ar0727e60610,ひらかたパークの桜,1,1,,,,result_020
walker-ar0727e26145,辯天宗 冥應寺の桜,2,2,,,,result_020
walker-ar0727e428589,元茨木川緑地の桜,1,3,yamazakura|oshimazakura,,,result_020
walker-ar0727e382213,玉串川の桜並木,1,1,,,,result_020
walker-ar0727e26139,大井関公園の桜,1,1,,,,result_020
walker-ar0727e26500,エブノ泉の森ホール周辺の桜,1,1,,,,result_020
walker-ar0727e382403,富田林・石川堤防の桜,1,1,,,,result_020
walker-ar0727e380666,長野公園(奥河内さくら公園)の桜,1,2,shidarezakura,,,result_020
walker-ar0727e381782,深北緑地の桜,1,1,,,,result_020
walker-ar0727e60639,黒鳥山公園の桜,1,1,,,,result_020
walker-ar0727e382401,石川河川公園(駒ヶ谷地区)の桜,1,1,,,,result_020
walker-ar0727e381397,花園中央公園の桜,1,1,,,,result_020
walker-ar0727e381398,第二寝屋川沿いの桜,1,1,,,,result_020
walker-ar0727e381586,枚岡公園の桜,1,1,,,,result_020
walker-ar0727e60622,妙見河原(星田妙見宮周辺)の桜,1,1,,,,result_020
walker-ar0727e60640,山中渓の桜,1,1,,,,result_020
walker-ar0727e60253,永楽ダムおよびダム周辺の桜,1,1,,,,result_020
walker-ar0727e60294,弘川寺の桜,1,4,yamazakura|shidarezakura|kasumizakura,,,result_020
walker-ar0727e60665,大阪府立近つ飛鳥風土記の丘の桜,1,1,,,,result_020
walker-ar0728e26146,神戸市立王子動物園の桜,1,1,,,,result_020
walker-ar0728e381579,神戸総合運動公園の桜,1,3,shidarezakura|kanhizakura,,,result_020
walker-ar0728e382086,須磨寺の桜,2,2,,,,result_020
walker-ar0728e60612,善福寺の桜,2,2,,,,result_020
walker-ar0728e494862,しあわせの村の桜,1,1,,,,result_020
walker-ar0728e536781,有馬温泉の桜,1,1,,,,result_020
walker-ar0728e536787,生田川公園の桜,1,1,,,,result_020
walker-ar0728e537265,メリケンパークの桜,1,2,,oshimazakura,,result_020
walker-ar0728e538994,北野天満神社の桜,1,2,kitanozakura,,,result_021
walker-ar0728e381572,こうべアグリパーク(旧 農業公園)の桜,1,1,,,,result_021
walker-ar0728e26148,姫路城の桜,3,6,someiyoshino|shidarezakura|jugatsu-zakura,,,result_021
walker-ar0728e381408,人丸山公園の桜,1,1,,,,result_021
walker-ar0728e381409,上ケ池公園の桜,1,1,,,,result_021
walker-ar0728e381410,石ケ谷公園の桜,1,3,yamazakura|oshimazakura,,,result_021
walker-ar0728e26150,夙川河川敷緑地(夙川公園)の桜,5,5,,,,result_021
walker-ar0728e60615,伊丹瑞ケ池公園の桜,1,4,oshimazakura|yamazakura|shidarezakura,,,result_021
walker-ar0728e26161,出石城跡の桜,1,1,,,,result_021
walker-ar0728e60259,清滝小学校の桜,1,1,,,,result_021
walker-ar0728e60360,神武山公園の桜,1,1,,,,result_021
walker-ar0728e60644,城崎温泉の桜,1,1,,,,result_021
walker-ar0728e26151,日岡山公園の桜,2,4,yamazakura|oshimazakura,,,result_021
walker-ar0728e382193,平荘湖の桜,1,1,,,,result_021
walker-ar0728e26153,赤穂東御崎公園の桜,1,1,,,,result_021
walker-ar0728e60213,花のみち(宝塚)の桜,1,1,,,,result_021
walker-ar0728e26157,鹿島・扇平自然公園の桜,1,1,,,,result_021
walker-ar0728e381576,日笠山の桜,2,2,,,,result_021
walker-ar0728e382194,おの桜づつみ回廊の桜,1,5,edohigan-zakura|oshimazakura|someiyoshino|yaebenishidare-sanokei,,,result_021
walker-ar0728e382198,やなせ苑桜づつみの桜,1,1,,,,result_021
walker-ar0728e493723,武庫川桜づつみ回廊の桜,2,2,,,,result_021
walker-ar0728e493724,センチュリー大橋の桜,1,1,,,,result_021
walker-ar0728e493725,深田公園の桜,1,1,,,,result_021
walker-ar0728e381933,いこいの村はりまの桜,1,1,,,,result_021
walker-ar0728e382078,古法華自然公園の桜,2,2,,,,result_021
walker-ar0728e26158,篠山城跡・王地山公園の桜,1,1,,,,result_021
walker-ar0728e26162,樽見の大桜,1,1,,,,result_021
walker-ar0728e60257,川代公園の桜,1,1,,,,result_021
walker-ar0728e60359,水分れ公園の桜,1,1,,,,result_021
walker-ar0728e381069,柏原川の桜堤の桜,1,1,,,,result_021
walker-ar0728e381074,氷上さくら公園の桜,1,3,someiyoshino|shidarezakura,,,result_021
walker-ar0728e381913,鐘ヶ坂公園の桜,1,1,,,,result_021
walker-ar0728e60248,立雲峡の桜,1,2,yamazakura,,,result_021
walker-ar0728e381938,竹田城跡の桜,1,3,someiyoshino|kasumizakura,,,result_021
walker-ar0728e60256,音水湖(引原ダム)周辺の桜,1,1,,,,result_021
walker-ar0728e380426,西深の桜並木,1,1,,,,result_021
walker-ar0728e60620,播磨中央公園 桜の園の桜,1,3,gyoikou|botan,,,result_021
walker-ar0728e382683,千鳥川桜堤公園の桜,2,2,,,,result_021
walker-ar0728e26152,龍野公園の桜,1,1,,,,result_021
walker-ar0728e382195,揖保川せせらぎ公園の桜,1,1,,,,result_021
walker-ar0728e382389,い～な!! さくら通りの桜,1,1,,,,result_021
walker-ar0728e381935,喜瀬川緑道の桜,1,1,,,,result_021
walker-ar0728e60627,かみかわ桜の山 桜華園の桜,1,6,omoigawa|komatsu-otome|kawaduzakura|shogetsu|america,,,result_021
walker-ar0729e26163,奈良公園の桜,1,5,someiyoshino|yamazakura|narano-yaezakura|higan-zakura,,,result_021
walker-ar0729e26166,月ヶ瀬湖畔の桜,1,1,,,,result_021
walker-ar0729e60255,平城宮跡資料館周辺の桜,1,2,yamazakura,,,result_021
walker-ar0729e60268,帯解寺の桜,1,5,someiyoshino|yamazakura|shidarezakura|yaebenishidare-sanokei,,,result_021
walker-ar0729e60641,柳生芳徳禅寺周辺の桜,1,1,,,,result_021
walker-ar0729e402784,旧柳生藩陣屋跡の桜,1,1,,,,result_021
walker-ar0729e585888,佐保川の桜,1,2,gyoikou,,,result_021
walker-ar0729e60632,高田千本桜,1,3,yamazakura|higan-zakura,,,result_022
walker-ar0729e26164,郡山城跡の桜,1,2,yamazakura,,,result_022
walker-ar0729e26173,談山神社の桜,1,3,yamazakura|edohigan-zakura,,,result_022
walker-ar0729e60625,大神神社の桜,2,3,yamazakura,,,result_022
walker-ar0729e60638,安倍文殊院の桜,1,1,,,,result_022
walker-ar0729e60251,葛城山麓公園の桜,1,1,,,,result_022
walker-ar0729e26170,大野寺の桜,2,3,edohigan-zakura,,,result_022
walker-ar0729e60295,佛隆寺千年桜(佛隆寺の古桜),1,2,mochizukizakura,,,result_022
walker-ar0729e60449,又兵衛桜,2,3,edohigan-zakura,,,result_022
walker-ar0729e60631,信貴山 朝護孫子寺の桜,1,2,yamazakura,,,result_022
walker-ar0729e26167,法隆寺境内の桜,2,3,yamazakura,,,result_022
walker-ar0729e26169,三室山の桜,1,1,,,,result_022
walker-ar0729e425646,壷阪寺の桜,1,1,,,,result_022
walker-ar0729e60269,金峯山寺蔵王堂の桜,1,2,シロヤマザクラ,,,result_022
walker-ar0729e60512,下北山スポーツ公園の桜,1,1,,,,result_022
walker-ar0730e26176,紀三井寺の桜,1,2,higan-zakura,,,result_022
walker-ar0730e26177,和歌山城の桜,2,2,,,,result_022
walker-ar0730e60628,和歌の浦(高津子山)の桜,1,1,,,,result_022
walker-ar0730e60476,亀池公園の桜,1,1,,,,result_022
walker-ar0730e26178,動鳴気峡の桜,1,2,yamazakura,,,result_022
walker-ar0730e60633,粉河寺の桜,1,1,,,,result_022
walker-ar0730e26179,根來寺の桜,1,2,yamazakura,,,result_022
walker-ar0730e26182,道成寺の桜,1,2,edohigan-zakura,,,result_022
walker-ar0730e26183,平草原公園の桜,1,4,ukon|oshimazakura|yamazakura,,,result_022
walker-ar0730e26184,七川ダム湖畔の桜,1,1,,,,result_022
walker-ar0831e26187,鳥取城跡・久松公園の桜,1,1,,,,result_022
walker-ar0831e26193,袋川堤防の桜,1,1,,,,result_022
walker-ar0831e26196,鹿野城跡公園の桜,1,1,,,,result_022
walker-ar0831e26188,湊山公園の桜,1,1,,,,result_022
walker-ar0831e26189,打吹公園の桜,1,4,ichiyou|ukon|eigenji,,,result_022
walker-ar0831e26198,境台場公園の桜,1,1,,,,result_022
walker-ar0831e60652,智頭河畔 桜土手,1,1,,,,result_022
walker-ar0831e26191,名和公園の桜,1,1,,,,result_022
walker-ar0831e60477,萩原桜並木の桜,1,1,,,,result_022
walker-ar0831e60478,木ノ根神社の桜,1,1,,,,result_022
walker-ar0833e26235,がいせん桜,1,2,yaebenishidare-sanokei,,,result_022
walker-ar0834e60659,世羅 甲山ふれあいの里の桜,1,2,someiyoshino,,,result_022
walker-ar0833e496314,羅生門さくら公園の桜,6,6,,,,result_022
walker-ar0834e60667,正福寺山公園の桜,1,1,,,,result_022
walker-ar0831e26207,城山公園・法勝寺川土手の桜,1,1,,,,result_022
walker-ar0832e26208,松江城山公園の桜,2,3,jindai-akebono,,,result_022
walker-ar0832e26211,玉湯川堤の桜,1,1,,,,result_022
walker-ar0832e60287,チェリーロードの桜,1,1,,,,result_022
walker-ar0832e26213,三隅大平桜,2,2,,,,result_022
walker-ar0832e60516,野坂桜並木,1,1,,,,result_022
walker-ar0832e26209,一の谷公園の桜,1,1,,,,result_022
walker-ar0832e60648,愛宕山公園の桜,1,1,,,,result_022
walker-ar0832e60649,出雲大社神苑の桜,1,1,,,,result_022
walker-ar0832e60646,安来公園の桜,1,1,,,,result_022
walker-ar0832e537269,敬川河川敷の桜,1,1,,,,result_022
walker-ar0832e26212,斐伊川堤防桜並木,1,2,jindai-akebono,,,result_023
walker-ar0832e60479,三刀屋川河川敷の桜,1,1,,,,result_023
walker-ar0832e539833,因原堤防の桜,1,1,,,,result_023
walker-ar0832e60274,妙用寺の桜(ミョウヨウジザクラ),1,1,,,,result_023
walker-ar0832e26214,鷲原公園の桜,2,2,,,,result_023
walker-ar0833e26219,岡山後楽園の桜,1,3,yaebenishidare-sanokei|yamazakura,,,result_023
walker-ar0833e26220,岡山市半田山植物園の桜,1,1,,,,result_023
walker-ar0833e26233,たけべの森公園の桜,1,1,,,,result_023
walker-ar0833e60281,金川桜並木の桜,1,1,,,,result_023
walker-ar0833e60653,RSKバラ園の桜,1,1,,,,result_023
walker-ar0833e60664,池田動物園の桜,1,1,,,,result_023
walker-ar0833e26232,旭川さくらみちの桜,1,1,,,,result_023
walker-ar0833e26224,酒津公園の桜,1,1,,,,result_023
walker-ar0833e26225,由加山蓮台寺の桜,1,1,,,,result_023
walker-ar0833e26226,鶴形山公園の桜,2,2,,,,result_023
walker-ar0833e60290,種松山公園西園地の桜,1,1,,,,result_023
walker-ar0833e60224,尾所の桜,1,1,,,,result_023
walker-ar0833e60271,レイクパーク加茂の桜,1,1,,,,result_023
walker-ar0833e60655,津山城(鶴山公園)の桜,1,3,ooyamazakura|yamazakura,,,result_023
walker-ar0833e26229,みやま公園の桜,3,5,taihaku|oshimazakura,,,result_023
walker-ar0833e26231,古城山公園の桜,1,1,,,,result_023
walker-ar0833e60662,井原堤の桜,1,1,,,,result_023
walker-ar0833e60663,相原公園の桜,1,1,,,,result_023
walker-ar0833e60424,白谷公園の桜,1,1,,,,result_023
walker-ar0833e60656,紺屋川美観地区の桜,1,1,,,,result_023
walker-ar0833e60283,特別史跡旧閑谷学校の桜,1,1,,,,result_023
walker-ar0833e60480,岡山いこいの村周辺の桜,1,1,,,,result_023
walker-ar0833e60223,美甘宿場桜,1,1,,,,result_023
walker-ar0833e60291,岩井畝の大桜,1,1,,,,result_023
walker-ar0833e60282,丸山公園の桜,1,1,,,,result_023
walker-ar0833e60364,里見川周辺緑地の桜,1,1,,,,result_023
walker-ar0833e60661,芳嵐園の桜,2,3,yamazakura,,,result_023
walker-ar0833e60654,早島公園の桜,1,1,,,,result_023
walker-ar0833e26236,三休公園の桜,1,1,,,,result_023
walker-ar0834e26237,平和記念公園の桜,1,1,,,,result_023
walker-ar0834e26238,江波山公園の桜,2,2,,,,result_023
walker-ar0834e221175,ひろしま遊学の森 広島県緑化センター さくら通りの桜,13,13,,,,result_023
walker-ar0834e26239,比治山公園の桜,1,1,,,,result_023
walker-ar0834e26241,神原のしだれ桜,1,1,,,,result_023
walker-ar0834e60423,広島市植物公園の桜,10,10,,,,result_023
walker-ar0834e26253,音戸の瀬戸公園の桜,1,1,,,,result_023
walker-ar0834e60674,バンブー・ジョイ・ハイランドの桜,2,3,yokohamahizakura,,,result_023
walker-ar0834e60666,筆影山山頂展望台の桜,1,1,,,,result_023
walker-ar0834e60675,御調八幡宮の桜,1,1,,,,result_023
walker-ar0834e26245,尾道市千光寺公園の桜,2,3,beni-shidare,,,result_023
walker-ar0834e26246,福山城公園の桜,1,2,yamazakura,,,result_023
walker-ar0834e26247,尾関山公園の桜,1,4,edohigan-zakura|shidarezakura|kasumizakura,,,result_023
walker-ar0834e60277,円正寺の桜,2,2,,,,result_023
walker-ar0834e26256,亀居公園の桜,1,1,,,,result_023
walker-ar0834e26249,宮島の桜,1,2,yamazakura,,,result_023
walker-ar0834e60284,住吉堤防敷の桜,1,1,,,,result_024
walker-ar0834e60285,桂公園の桜,1,1,,,,result_024
walker-ar0834e60673,八千代湖周辺の桜,1,1,,,,result_024
walker-ar0834e60292,真道山の桜,1,1,,,,result_024
walker-ar0835e26260,火の山公園の桜,1,1,,,,result_024
walker-ar0835e26261,功山寺の桜,1,2,ukon,,,result_024
walker-ar0835e26277,戦場ヶ原公園の桜,1,1,,,,result_024
walker-ar0835e26278,老の山公園の桜,1,1,,,,result_024
walker-ar0835e26262,ときわ公園の桜,3,4,kanhizakura,,,result_024
walker-ar0835e27972,今富ダム公園の桜,1,1,,,,result_024
walker-ar0835e26263,一の坂川の桜,1,1,,,,result_024
walker-ar0835e26264,香山公園の桜,1,1,,,,result_024
walker-ar0835e26271,徳佐八幡宮の桜,1,1,,,,result_024
walker-ar0835e60481,大原湖(佐波川ダム)の桜,1,1,,,,result_024
walker-ar0835e26265,萩城跡指月公園の桜,1,2,midori-yoshino,,,result_024
walker-ar0835e60671,橋本川沿いの桜並木,1,1,,,,result_024
walker-ar0835e60672,笠山の桜,1,1,,,,result_024
walker-ar0835e26272,防府天満宮の桜,1,1,,,,result_024
walker-ar0835e26273,毛利氏庭園の桜,1,1,,,,result_024
walker-ar0835e26266,切戸川の桜,1,1,,,,result_024
walker-ar0835e60482,花岡八幡宮の桜,1,1,,,,result_024
walker-ar0835e377377,笠戸島の桜,1,1,,,,result_024
walker-ar0835e401827,下松スポーツ公園の桜,2,2,,,,result_024
walker-ar0835e26267,錦帯橋の桜,1,1,,,,result_024
walker-ar0835e60350,吉香公園の桜,1,1,,,,result_024
walker-ar0835e26279,大寧寺の桜,2,2,,,,result_024
walker-ar0835e26280,王子山公園の桜,1,1,,,,result_024
walker-ar0835e60397,柳井ウェルネスパークの桜,1,1,,,,result_024
walker-ar0835e60275,厚狭川河畔の桜,1,1,,,,result_024
walker-ar0835e60276,秋吉台家族旅行村の桜,1,1,,,,result_024
walker-ar0835e60297,TOSOH PARK永源山(永源山公園)の桜,1,1,,,,result_024
walker-ar0835e60298,竜王山公園の桜,1,1,,,,result_024
walker-ar0835e60483,若山公園の桜,1,1,,,,result_024
walker-ar0835e60668,田布施川の桜,1,1,,,,result_024
walker-ar0936e26284,眉山公園の桜,1,2,hachisuka-zakura,,,result_024
walker-ar0936e26285,西部公園の桜,1,1,,,,result_024
walker-ar0936e535962,徳島中央公園の桜,2,3,hachisuka-zakura,,,result_024
walker-ar0936e26286,妙見山公園の桜,1,2,hachisuka-zakura,,,result_024
walker-ar0936e26289,津峯公園の桜,1,1,,,,result_024
walker-ar0936e26291,岩脇さくらづつみ公園の桜,1,1,,,,result_024
walker-ar0936e26287,諏訪公園の桜,1,1,,,,result_024
walker-ar0936e580706,神山森林公園イルローザの森の桜,2,2,,,,result_024
walker-ar0936e60219,吉良のエドヒガンザクラ,4,4,,,,result_024
walker-ar0936e60220,於安パークの桜,1,1,,,,result_024
walker-ar0937e26299,県立琴弾公園の桜,1,1,,,,result_024
walker-ar0938e26310,開山公園の桜,1,1,,,,result_024
walker-ar0937e26306,紫雲出山の桜,1,3,yoko|yamazakura,,,result_024
walker-ar0937e26302,朝日山森林公園の桜,1,1,,,,result_024
walker-ar0937e26294,特別名勝 栗林公園の桜,3,4,edohigan-zakura,,,result_024
walker-ar0937e26295,史跡高松城跡玉藻公園の桜,2,2,,,,result_024
walker-ar0937e26296,公渕森林公園の桜,3,7,someiyoshino|edohigan-zakura|oshimazakura|shidarezakura,,,result_025
walker-ar0937e26297,女木島の桜,2,5,someiyoshino|シロヤマザクラ|oshimazakura,,,result_025
walker-ar0937e26298,丸亀城の桜,1,3,yaebeni-ohshima|シロヤマザクラ,,,result_025
walker-ar0937e60394,不動の滝カントリーパークの桜,1,1,,,,result_025
walker-ar0937e60395,たからだの里さいた(戸川ダム)の桜,1,1,,,,result_025
walker-ar0937e26301,金刀比羅宮の桜,1,2,someiyoshino,,,result_025
walker-ar0937e26303,県立桃陵公園の桜,1,1,,,,result_025
walker-ar0938e26307,松山城(城山公園)の桜,3,6,someiyoshino|oshimazakura|shiogama,,,result_025
walker-ar0938e26308,道後公園の桜,4,5,someiyoshino,,,result_025
walker-ar0938e60515,南楽園(外堀)の桜,1,1,,,,result_025
walker-ar0938e60485,滝の宮公園の桜,2,2,,,,result_025
walker-ar0938e60302,西山興隆寺の桜,1,3,shidarezakura|someiyoshino,,,result_025
walker-ar0938e60510,武丈公園の桜,3,4,someiyoshino,,,result_025
walker-ar0938e26312,祇園公園の桜,1,1,,,,result_025
walker-ar0938e60261,冨士山公園の桜,1,1,,,,result_025
walker-ar0938e60279,三島公園の桜,1,1,,,,result_025
walker-ar0938e60280,翠波高原の桜,1,1,,,,result_025
walker-ar0938e60355,すすきヶ原入野公園の桜,1,1,,,,result_025
walker-ar0938e26314,積善山三千本桜,3,10,kanzan|ukon|tsubakikanzakura|jindai-akebono|jugatsu-zakura|kawaduzakura|someiyoshino,,,result_025
walker-ar0938e60299,石畳東のしだれ桜,1,1,,,,result_025
walker-ar0939e26317,高知公園の桜,1,1,,,,result_025
walker-ar0939e582587,桑田山の雪割桜,1,2,tsubakikanzakura,,,result_025
walker-ar0939e60487,宿毛天満宮の桜,1,1,,,,result_025
walker-ar0939e26322,為松公園の桜,1,1,,,,result_025
walker-ar0939e26319,鏡野公園の桜,1,1,,,,result_025
walker-ar0939e60272,鮎乃瀬公園の桜,1,1,,,,result_025
walker-ar0939e60270,早明浦ダム周辺の桜,1,1,,,,result_025
walker-ar0939e26324,ひょうたん桜公園の桜,1,1,,,,result_025
walker-ar0939e60301,中越家のしだれ桜,1,1,,,,result_025
walker-ar0939e26320,久礼大坂谷川沿いの桜,1,1,,,,result_025
walker-ar0939e403142,牧野公園の桜,3,5,someiyoshino|usuzumi,,,result_025
walker-ar0939e60488,家地川公園の桜,1,1,,,,result_025
walker-ar1040e60305,白野江植物公園の桜,4,5,someiyoshino,,,result_025
walker-ar1040e26325,勝山公園(小倉城)の桜,1,4,someiyoshino|shidarezakura|maihime,,,result_025
walker-ar1040e26326,昭和池公園の桜,1,1,,,,result_025
walker-ar1040e60381,舞鶴公園の桜,6,9,ukon|someiyoshino|oshimazakura,,,result_025
walker-ar1040e60306,福岡市油山市民の森の桜,1,1,,,,result_025
walker-ar1040e60450,甘木公園の桜(福岡県大牟田市),1,2,someiyoshino,,,result_025
walker-ar1040e26328,発心公園の桜,1,2,シロヤマザクラ,,,result_025
walker-ar1040e26332,浅井の一本桜,1,1,,,,result_025
walker-ar1040e60380,久留米城跡の桜,2,4,someiyoshino|yoko,,,result_025
walker-ar1044e60312,不動尊一心寺の桜,15,15,,,,result_025
walker-ar1044e425457,長湯温泉 しだれ桜の里の桜,2,6,yoko|omoigawa|komatsu-otome|yaebenishidare-sanokei,,,result_025
walker-ar1040e459760,呑山観音寺の桜,1,6,someiyoshino|shidarezakura|maihime|jindai-akebono|gotenba-zakura,,,result_025
walker-ar1042e60517,大村公園(大村神社)の桜,5,8,someiyoshino|shidarezakura|oshimazakura,,,result_025
walker-ar1040e63787,久留米サイクルファミリーパークの桜,1,1,,,,result_025
walker-ar1040e497473,石橋文化センターの桜,1,1,,,,result_025
walker-ar1040e60304,大将陣公園の桜,1,1,,,,result_025
walker-ar1040e60307,勝盛公園の桜,1,1,,,,result_025
walker-ar1040e60308,日向神ダムの千本桜,1,1,,,,result_025
walker-ar1040e60489,垣生公園の桜,1,5,someiyoshino|yamazakura|shidarezakura|jugatsu-zakura,,,result_026
walker-ar1040e60336,大宰府政庁跡の桜,1,1,,,,result_026
walker-ar1040e60338,太宰府市民の森の桜,1,1,,,,result_026
walker-ar1040e60339,宝満宮竈門神社の桜,1,1,,,,result_026
walker-ar1040e26330,秋月杉の馬場通りの桜,1,1,,,,result_026
walker-ar1040e60490,清水公園(清水山周辺)の桜,1,1,,,,result_026
walker-ar1040e60330,宇美公園の桜,1,1,,,,result_026
walker-ar1040e136979,猪野公園の桜,1,1,,,,result_026
walker-ar1040e60444,虎尾桜,1,2,edohigan-zakura,,,result_026
walker-ar1041e26333,唐津城(舞鶴公園)の桜,1,4,someiyoshino|yamazakura|oshimazakura,,,result_026
walker-ar1041e26334,鏡山の桜,1,1,,,,result_026
walker-ar1041e60329,名護屋城跡の桜,1,1,,,,result_026
walker-ar1041e26345,西渓公園の桜,1,1,,,,result_026
walker-ar1041e26338,御船山楽園の桜,1,4,someiyoshino|yamazakura|oshimazakura,,,result_026
walker-ar1041e26347,馬場の山桜,2,2,,,,result_026
walker-ar1041e26339,旭ヶ岡公園の桜,1,1,,,,result_026
walker-ar1041e26340,小城公園の桜,1,5,someiyoshino|yamazakura|shidarezakura|yoko,,,result_026
walker-ar1041e26346,宝珠寺の桜,1,1,,,,result_026
walker-ar1041e60319,脊振桜街道の桜,1,1,,,,result_026
walker-ar1041e60491,日の隈公園の桜,1,1,,,,result_026
walker-ar1041e26341,陶山神社の桜,1,1,,,,result_026
walker-ar1042e60322,権現山展望公園の桜,1,1,,,,result_026
walker-ar1042e26353,西海橋公園の桜,2,4,someiyoshino|oshimazakura,,,result_026
walker-ar1042e26357,島原城の桜,1,1,,,,result_026
walker-ar1042e26360,亀岡公園の桜,1,1,,,,result_026
walker-ar1042e178583,長崎県立田平公園の桜,1,1,,,,result_026
walker-ar1042e179256,不老山の桜,1,1,,,,result_026
walker-ar1042e60323,橘公園の桜,1,1,,,,result_026
walker-ar1042e60333,とけん山公園の桜,1,1,,,,result_026
walker-ar1042e60324,原城跡の桜,1,1,,,,result_026
walker-ar1042e60325,田ノ頭郷のしだれ桜(波佐見町),1,1,,,,result_026
walker-ar1043e26363,熊本城の桜,6,9,chiharazakura|beni-shidare|yaebenishidare-sanokei,,,result_026
walker-ar1043e26377,水前寺成趣園の桜,1,2,yamazakura,,,result_026
walker-ar1043e60321,健軍自衛隊通りの桜,1,1,,,,result_026
walker-ar1043e63542,本妙寺の桜,1,1,,,,result_026
walker-ar1043e60335,田原坂公園の桜,1,1,,,,result_026
walker-ar1043e26364,人吉城跡の桜,1,1,,,,result_026
walker-ar1043e60309,湯の児チェリーラインの桜,1,1,,,,result_026
walker-ar1043e26370,蛇ヶ谷公園の桜,1,1,,,,result_026
walker-ar1043e60310,菊池公園の桜,1,1,,,,result_026
walker-ar1043e26366,立岡自然公園の桜,1,1,,,,result_026
walker-ar1043e60320,岡岳公園の桜,1,1,,,,result_026
walker-ar1043e60331,大津山公園の桜,1,1,,,,result_026
walker-ar1043e26372,一心行の大桜,1,1,,,,result_026
walker-ar1043e60334,桜ヶ丘グラウンドの桜,1,1,,,,result_026
walker-ar1043e26368,市房ダム湖周辺の桜,1,6,someiyoshino|kanzan|shogetsu|ukon|amanogawa,,,result_026
walker-ar1044e26378,大分縣護國神社の桜,1,1,,,,result_026
walker-ar1044e26380,平和市民公園の桜,1,1,,,,result_026
walker-ar1044e26381,大分城址公園の桜,1,1,,,,result_026
walker-ar1044e26393,臼杵城址の桜,1,1,,,,result_026
walker-ar1044e377269,四浦半島の桜,1,1,,,,result_027
walker-ar1044e26387,岡城跡の桜,1,4,yamazakura|someiyoshino|botan,,,result_027
walker-ar1044e216306,由布院・大分川沿いの桜並木,1,1,,,,result_027
walker-ar1044e60311,日出城址・城下公園の桜,1,1,,,,result_027
walker-ar1044e62930,ハーモニーランドの桜,1,1,,,,result_027
walker-ar1045e26400,垂水公園の桜,2,3,yamazakura,,,result_027
walker-ar1045e60327,久峰総合公園の桜,1,3,yamazakura,oshimazakura,,result_027
walker-ar1045e60492,堀切峠の桜,1,1,,,,result_027
walker-ar1045e61196,天ヶ城公園の桜,1,2,yamazakura,,,result_027
walker-ar1045e26401,母智丘公園の桜,1,2,yamazakura,,,result_027
walker-ar1045e60349,観音池公園の桜,1,1,,,,result_027
walker-ar1045e26402,延岡城跡・城山公園の桜,1,1,,,,result_027
walker-ar1045e584098,五ヶ瀬川堤防沿いの桜,1,1,,,,result_027
walker-ar1045e27975,花立公園の桜,1,1,,,,result_027
walker-ar1045e26406,西都原古墳群の桜,1,1,,,,result_027
walker-ar1045e60345,綾の照葉大吊橋の桜,1,2,yamazakura,,,result_027
walker-ar1045e26405,遠見山森林公園の桜,1,1,,,,result_027
walker-ar1045e60346,天岩戸の湯の桜,1,1,,,,result_027
walker-ar1045e60313,浄専寺のしだれ桜,1,1,,,,result_027
walker-ar1045e60332,原田家のしだれ桜,1,1,,,,result_027
walker-ar1046e60314,国指定名勝 仙巌園の桜,2,4,yamazakura|someiyoshino,,,result_027
walker-ar1046e60495,魚見岳の桜,1,1,,,,result_027
walker-ar1046e60341,寺山いこいの広場の桜,1,1,,,,result_027
walker-ar1046e26419,霧島神宮の桜,2,2,,,,result_027
walker-ar1046e60342,霧島神話の里公園の桜,1,2,shidarezakura,,,result_027
walker-ar1046e26413,忠元公園の桜,1,1,,,,result_027
walker-ar1046e60340,高岡公園の桜,1,1,,,,result_027
walker-ar1046e60326,花瀬自然公園の桜,1,1,,,,result_027
walker-ar1047e93158,名護城(なんぐすく)公園の桜,1,1,,,,result_027
walker-ar1047e134893,今帰仁城跡の桜,1,1,,,,result_027
walker-ar1047e55296,もとぶ八重岳一帯の桜,1,1,,,,result_027
walker-ar1047e335960,八重瀬公園の桜,1,1,,,,result_027
kokyo-higashigyoen,皇居東御苑,2,2,,,,result_027
nanasawa-forest,県立七沢森林公園,1,1,,,,result_027
atami-itogawa,熱海糸川,2,3,atamizakura,,,result_027
kawazu-matsuri,河津桜まつり会場,3,3,,,,result_027
miura-kaigan,三浦海岸,2,2,,,,result_027
matsudayama-herb,松田山ハーブガーデン,2,2,,,,result_027
ofuna-flower-center,大船フラワーセンター,2,2,,,,result_027
zama-seriyuze,座間市芹沢公園,2,2,,,,result_027
yumenoshima-park,夢の島公園,3,3,,,,result_027
hakkeijima,八景島シーパラダイス周辺,3,5,yamazakura|oshimazakura,,,result_027
koishikawa-botanical,小石川植物園,1,1,,,,result_027
sagamihara-park,相模原公園,20,20,,,,result_027
yokohama-park-nihon-odori,横浜公園・日本大通り,1,1,,,,result_027
kodomo-shizen-park,横浜市こども自然公園,1,1,,,,result_027
somei-cemetery,染井霊園,1,1,,,,result_027
harimabashi-promenade,播磨坂桜並木,1,1,,,,result_027
kiba-park,木場公園,1,4,kawaduzakura|oshimazakura|shidarezakura,,,result_027
todoroki-ravine,等々力渓谷,1,1,,,,result_027
zenpukujigawa-ryokuchi,善福寺川緑地,1,6,yamazakura|oshimazakura|shidarezakura|edohigan-zakura|kanhizakura,,,result_028
tama-reien,多磨霊園,1,3,shidarezakura|yamazakura,,,result_028
hikarigaoka-park,光が丘公園,1,4,oshimazakura|yamazakura|shidarezakura,,,result_028
hikawa-sando,武蔵一宮氷川神社参道,1,1,,,,result_028
sakitama-kofun-park,さきたま古墳公園,1,1,,,,result_028
gongendo-sakuratsutsumi,幸手権現堂桜堤,1,1,,,,result_028
musashikyuryo,武蔵丘陵森林公園,2,2,,,,result_028
kawagoe-kitain,川越・喜多院,2,3,kohigan,,,result_028
inage-seaside-park,稲毛海浜公園,1,1,,,,result_028
naritasan-sakura,成田さくらの山,3,6,yamazakura|shidarezakura|higan-zakura,,,result_028
inba-numa-cycling-road,印旛沼サイクリングロード桜並木,1,1,,,,result_028
funabashi-ebigawa,海老川ジョギングロード,1,2,jindai-akebono,,,result_028
mitake-okutagawa,奥多摩・御岳山,1,1,,,,result_028
takao-mountain,高尾山,3,4,shidarezakura,,,result_028
jindai-botanical,神代植物公園,4,22,someiyoshino|oshimazakura|yamazakura|shidarezakura|edohigan-zakura|o-kanzakura|kanzakura|kawaduzakura|kanhizakura|edo|shogetsu|murasakizakura|スザク|arashiyama|mikurumagaeshi|shirotae|kanzan|fukurokujyu,,,result_028
hadano-tokawa-park,秦野戸川公園,1,1,,,,result_028
tenranzan,天覧山・多峯主山,2,2,,,,result_028
nagatoro-sakura,長瀞・北桜通り,1,1,,,,result_028
hodosan,宝登山,1,1,,,,result_028
shimine-park,城峯公園,1,2,someiyoshino,,,result_028
myogisan-sakura,妙義山さくらの里,1,7,someiyoshino|ooyamazakura|edohigan-zakura|kanzan|fugenzou|sanozakura,,,result_028
tama-forest-science,多摩森林科学園,19,19,,,,result_028
isazawa-kubozakura,伊佐沢の久保桜,1,1,,,,result_028
